[{"STATE_UT":"ANDHRA PRADESH","DISTRICT":"TOTAL","MURDER":2766,"RAPE":1049,"ROBBERY":679,"KIDNAPPING_AND_ABDUCTION":2030,"TOTAL_IPC_CRIMES":173909},{"STATE_UT":"ARUNACHAL PRADESH","DISTRICT":"TOTAL","MURDER":60,"RAPE":37,"ROBBERY":74,"KIDNAPPING_AND_ABDUCTION":75,"TOTAL_IPC_CRIMES":2294},{"STATE_UT":"ASSAM","DISTRICT":"TOTAL","MURDER":1207,"RAPE":1244,"ROBBERY":544,"KIDNAPPING_AND_ABDUCTION":1825,"TOTAL_IPC_CRIMES":43673},{"STATE_UT":"BIHAR","DISTRICT":"TOTAL","MURDER":3249,"RAPE":1232,"ROBBERY":2169,"KIDNAPPING_AND_ABDUCTION":2619,"TOTAL_IPC_CRIMES":100665},{"STATE_UT":"CHHATTISGARH","DISTRICT":"TOTAL","MURDER":1098,"RAPE":995,"ROBBERY":439,"KIDNAPPING_AND_ABDUCTION":239,"TOTAL_IPC_CRIMES":45177},{"STATE_UT":"GOA","DISTRICT":"TOTAL","MURDER":39,"RAPE":21,"ROBBERY":17,"KIDNAPPING_AND_ABDUCTION":16,"TOTAL_IPC_CRIMES":2204},{"STATE_UT":"GUJARAT","DISTRICT":"TOTAL","MURDER":1165,"RAPE":354,"ROBBERY":970,"KIDNAPPING_AND_ABDUCTION":1128,"TOTAL_IPC_CRIMES":120972},{"STATE_UT":"HARYANA","DISTRICT":"TOTAL","MURDER":873,"RAPE":608,"ROBBERY":410,"KIDNAPPING_AND_ABDUCTION":635,"TOTAL_IPC_CRIMES":50509},{"STATE_UT":"HIMACHAL PRADESH","DISTRICT":"TOTAL","MURDER":111,"RAPE":113,"ROBBERY":29,"KIDNAPPING_AND_ABDUCTION":130,"TOTAL_IPC_CRIMES":13093},{"STATE_UT":"JAMMU & KASHMIR","DISTRICT":"TOTAL","MURDER":487,"RAPE":250,"ROBBERY":112,"KIDNAPPING_AND_ABDUCTION":789,"TOTAL_IPC_CRIMES":20787},{"STATE_UT":"JHARKHAND","DISTRICT":"TOTAL","MURDER":1492,"RAPE":799,"ROBBERY":779,"KIDNAPPING_AND_ABDUCTION":635,"TOTAL_IPC_CRIMES":36364},{"STATE_UT":"KARNATAKA","DISTRICT":"TOTAL","MURDER":1627,"RAPE":400,"ROBBERY":1349,"KIDNAPPING_AND_ABDUCTION":563,"TOTAL_IPC_CRIMES":117710},{"STATE_UT":"KERALA","DISTRICT":"TOTAL","MURDER":393,"RAPE":601,"ROBBERY":691,"KIDNAPPING_AND_ABDUCTION":294,"TOTAL_IPC_CRIMES":105255},{"STATE_UT":"MADHYA PRADESH","DISTRICT":"TOTAL","MURDER":2309,"RAPE":2900,"ROBBERY":1770,"KIDNAPPING_AND_ABDUCTION":808,"TOTAL_IPC_CRIMES":194711},{"STATE_UT":"MAHARASHTRA","DISTRICT":"TOTAL","MURDER":2656,"RAPE":1500,"ROBBERY":2574,"KIDNAPPING_AND_ABDUCTION":1261,"TOTAL_IPC_CRIMES":191788},{"STATE_UT":"MANIPUR","DISTRICT":"TOTAL","MURDER":205,"RAPE":40,"ROBBERY":8,"KIDNAPPING_AND_ABDUCTION":130,"TOTAL_IPC_CRIMES":2884},{"STATE_UT":"MEGHALAYA","DISTRICT":"TOTAL","MURDER":157,"RAPE":74,"ROBBERY":65,"KIDNAPPING_AND_ABDUCTION":57,"TOTAL_IPC_CRIMES":1935},{"STATE_UT":"MIZORAM","DISTRICT":"TOTAL","MURDER":25,"RAPE":72,"ROBBERY":10,"KIDNAPPING_AND_ABDUCTION":6,"TOTAL_IPC_CRIMES":2073},{"STATE_UT":"NAGALAND","DISTRICT":"TOTAL","MURDER":123,"RAPE":23,"ROBBERY":84,"KIDNAPPING_AND_ABDUCTION":31,"TOTAL_IPC_CRIMES":1103},{"STATE_UT":"ODISHA","DISTRICT":"TOTAL","MURDER":1159,"RAPE":985,"ROBBERY":1184,"KIDNAPPING_AND_ABDUCTION":704,"TOTAL_IPC_CRIMES":52792},{"STATE_UT":"PUNJAB","DISTRICT":"TOTAL","MURDER":817,"RAPE":442,"ROBBERY":142,"KIDNAPPING_AND_ABDUCTION":591,"TOTAL_IPC_CRIMES":32068},{"STATE_UT":"RAJASTHAN","DISTRICT":"TOTAL","MURDER":1209,"RAPE":1085,"ROBBERY":631,"KIDNAPPING_AND_ABDUCTION":1970,"TOTAL_IPC_CRIMES":141992},{"STATE_UT":"SIKKIM","DISTRICT":"TOTAL","MURDER":21,"RAPE":20,"ROBBERY":9,"KIDNAPPING_AND_ABDUCTION":8,"TOTAL_IPC_CRIMES":703},{"STATE_UT":"TAMIL NADU","DISTRICT":"TOTAL","MURDER":1363,"RAPE":457,"ROBBERY":450,"KIDNAPPING_AND_ABDUCTION":906,"TOTAL_IPC_CRIMES":148972},{"STATE_UT":"TRIPURA","DISTRICT":"TOTAL","MURDER":154,"RAPE":189,"ROBBERY":71,"KIDNAPPING_AND_ABDUCTION":105,"TOTAL_IPC_CRIMES":3940},{"STATE_UT":"UTTAR PRADESH","DISTRICT":"TOTAL","MURDER":5480,"RAPE":1314,"ROBBERY":2024,"KIDNAPPING_AND_ABDUCTION":3318,"TOTAL_IPC_CRIMES":127001},{"STATE_UT":"UTTARAKHAND","DISTRICT":"TOTAL","MURDER":274,"RAPE":147,"ROBBERY":157,"KIDNAPPING_AND_ABDUCTION":212,"TOTAL_IPC_CRIMES":8412},{"STATE_UT":"WEST BENGAL","DISTRICT":"TOTAL","MURDER":1425,"RAPE":1731,"ROBBERY":426,"KIDNAPPING_AND_ABDUCTION":1355,"TOTAL_IPC_CRIMES":68052},{"STATE_UT":"A & N ISLANDS","DISTRICT":"TOTAL","MURDER":4,"RAPE":6,"ROBBERY":5,"KIDNAPPING_AND_ABDUCTION":5,"TOTAL_IPC_CRIMES":676},{"STATE_UT":"CHANDIGARH","DISTRICT":"TOTAL","MURDER":12,"RAPE":19,"ROBBERY":34,"KIDNAPPING_AND_ABDUCTION":65,"TOTAL_IPC_CRIMES":3126},{"STATE_UT":"D & N HAVELI","DISTRICT":"TOTAL","MURDER":9,"RAPE":6,"ROBBERY":5,"KIDNAPPING_AND_ABDUCTION":18,"TOTAL_IPC_CRIMES":435},{"STATE_UT":"DAMAN & DIU","DISTRICT":"TOTAL","MURDER":6,"RAPE":3,"ROBBERY":1,"KIDNAPPING_AND_ABDUCTION":3,"TOTAL_IPC_CRIMES":288},{"STATE_UT":"LAKSHADWEEP","DISTRICT":"TOTAL","MURDER":0,"RAPE":0,"ROBBERY":0,"KIDNAPPING_AND_ABDUCTION":0,"TOTAL_IPC_CRIMES":80},{"STATE_UT":"PUDUCHERRY","DISTRICT":"TOTAL","MURDER":30,"RAPE":9,"ROBBERY":3,"KIDNAPPING_AND_ABDUCTION":18,"TOTAL_IPC_CRIMES":4687}]