[
    {
        "STATE_UT": "ANDHRA PRADESH",
        "DISTRICT": "TOTAL",
        "MURDER": 2602,
        "RAPE": 871,
        "ROBBERY": 629,
        "KIDNAPPING_AND_ABDUCTION": 1182,
        "TOTAL_IPC_CRIMES": 130089
    },
    {
        "STATE_UT": "ARUNACHAL PRADESH",
        "DISTRICT": "TOTAL",
        "MURDER": 83,
        "RAPE": 33,
        "ROBBERY": 84,
        "KIDNAPPING_AND_ABDUCTION": 83,
        "TOTAL_IPC_CRIMES": 2342
    },
    {
        "STATE_UT": "ASSAM",
        "DISTRICT": "TOTAL",
        "MURDER": 1356,
        "RAPE": 817,
        "ROBBERY": 687,
        "KIDNAPPING_AND_ABDUCTION": 1480,
        "TOTAL_IPC_CRIMES": 36877
    },
    {
        "STATE_UT": "BIHAR",
        "DISTRICT": "TOTAL",
        "MURDER": 3643,
        "RAPE": 888,
        "ROBBERY": 2203,
        "KIDNAPPING_AND_ABDUCTION": 2159,
        "TOTAL_IPC_CRIMES": 88432
    },
    {
        "STATE_UT": "CHHATTISGARH",
        "DISTRICT": "TOTAL",
        "MURDER": 880,
        "RAPE": 959,
        "ROBBERY": 338,
        "KIDNAPPING_AND_ABDUCTION": 207,
        "TOTAL_IPC_CRIMES": 38460
    },
    {
        "STATE_UT": "GOA",
        "DISTRICT": "TOTAL",
        "MURDER": 36,
        "RAPE": 12,
        "ROBBERY": 25,
        "KIDNAPPING_AND_ABDUCTION": 9,
        "TOTAL_IPC_CRIMES": 2341
    },
    {
        "STATE_UT": "GUJARAT",
        "DISTRICT": "TOTAL",
        "MURDER": 1226,
        "RAPE": 286,
        "ROBBERY": 991,
        "KIDNAPPING_AND_ABDUCTION": 998,
        "TOTAL_IPC_CRIMES": 103419
    },
    {
        "STATE_UT": "HARYANA",
        "DISTRICT": "TOTAL",
        "MURDER": 781,
        "RAPE": 398,
        "ROBBERY": 397,
        "KIDNAPPING_AND_ABDUCTION": 449,
        "TOTAL_IPC_CRIMES": 38759
    },
    {
        "STATE_UT": "HIMACHAL PRADESH",
        "DISTRICT": "TOTAL",
        "MURDER": 119,
        "RAPE": 124,
        "ROBBERY": 28,
        "KIDNAPPING_AND_ABDUCTION": 126,
        "TOTAL_IPC_CRIMES": 11499
    },
    {
        "STATE_UT": "JAMMU & KASHMIR",
        "DISTRICT": "TOTAL",
        "MURDER": 1075,
        "RAPE": 169,
        "ROBBERY": 161,
        "KIDNAPPING_AND_ABDUCTION": 606,
        "TOTAL_IPC_CRIMES": 19505
    },
    {
        "STATE_UT": "JHARKHAND",
        "DISTRICT": "TOTAL",
        "MURDER": 1507,
        "RAPE": 567,
        "ROBBERY": 647,
        "KIDNAPPING_AND_ABDUCTION": 441,
        "TOTAL_IPC_CRIMES": 25447
    },
    {
        "STATE_UT": "KARNATAKA",
        "DISTRICT": "TOTAL",
        "MURDER": 1626,
        "RAPE": 293,
        "ROBBERY": 847,
        "KIDNAPPING_AND_ABDUCTION": 559,
        "TOTAL_IPC_CRIMES": 109098
    },
    {
        "STATE_UT": "KERALA",
        "DISTRICT": "TOTAL",
        "MURDER": 472,
        "RAPE": 562,
        "ROBBERY": 517,
        "KIDNAPPING_AND_ABDUCTION": 183,
        "TOTAL_IPC_CRIMES": 103847
    },
    {
        "STATE_UT": "MADHYA PRADESH",
        "DISTRICT": "TOTAL",
        "MURDER": 2425,
        "RAPE": 2851,
        "ROBBERY": 1764,
        "KIDNAPPING_AND_ABDUCTION": 956,
        "TOTAL_IPC_CRIMES": 181741
    },
    {
        "STATE_UT": "MAHARASHTRA",
        "DISTRICT": "TOTAL",
        "MURDER": 2839,
        "RAPE": 1302,
        "ROBBERY": 2239,
        "KIDNAPPING_AND_ABDUCTION": 985,
        "TOTAL_IPC_CRIMES": 171233
    },
    {
        "STATE_UT": "MANIPUR",
        "DISTRICT": "TOTAL",
        "MURDER": 209,
        "RAPE": 20,
        "ROBBERY": 19,
        "KIDNAPPING_AND_ABDUCTION": 94,
        "TOTAL_IPC_CRIMES": 2489
    },
    {
        "STATE_UT": "MEGHALAYA",
        "DISTRICT": "TOTAL",
        "MURDER": 164,
        "RAPE": 26,
        "ROBBERY": 125,
        "KIDNAPPING_AND_ABDUCTION": 55,
        "TOTAL_IPC_CRIMES": 1687
    },
    {
        "STATE_UT": "MIZORAM",
        "DISTRICT": "TOTAL",
        "MURDER": 31,
        "RAPE": 52,
        "ROBBERY": 23,
        "KIDNAPPING_AND_ABDUCTION": 2,
        "TOTAL_IPC_CRIMES": 2246
    },
    {
        "STATE_UT": "NAGALAND",
        "DISTRICT": "TOTAL",
        "MURDER": 101,
        "RAPE": 17,
        "ROBBERY": 129,
        "KIDNAPPING_AND_ABDUCTION": 23,
        "TOTAL_IPC_CRIMES": 1234
    },
    {
        "STATE_UT": "ODISHA",
        "DISTRICT": "TOTAL",
        "MURDER": 987,
        "RAPE": 790,
        "ROBBERY": 958,
        "KIDNAPPING_AND_ABDUCTION": 522,
        "TOTAL_IPC_CRIMES": 46661
    },
    {
        "STATE_UT": "PUNJAB",
        "DISTRICT": "TOTAL",
        "MURDER": 738,
        "RAPE": 298,
        "ROBBERY": 131,
        "KIDNAPPING_AND_ABDUCTION": 513,
        "TOTAL_IPC_CRIMES": 27774
    },
    {
        "STATE_UT": "RAJASTHAN",
        "DISTRICT": "TOTAL",
        "MURDER": 1259,
        "RAPE": 1049,
        "ROBBERY": 889,
        "KIDNAPPING_AND_ABDUCTION": 2718,
        "TOTAL_IPC_CRIMES": 155185
    },
    {
        "STATE_UT": "SIKKIM",
        "DISTRICT": "TOTAL",
        "MURDER": 19,
        "RAPE": 8,
        "ROBBERY": 3,
        "KIDNAPPING_AND_ABDUCTION": 6,
        "TOTAL_IPC_CRIMES": 444
    },
    {
        "STATE_UT": "TAMIL NADU",
        "DISTRICT": "TOTAL",
        "MURDER": 1662,
        "RAPE": 423,
        "ROBBERY": 672,
        "KIDNAPPING_AND_ABDUCTION": 952,
        "TOTAL_IPC_CRIMES": 154801
    },
    {
        "STATE_UT": "TRIPURA",
        "DISTRICT": "TOTAL",
        "MURDER": 240,
        "RAPE": 102,
        "ROBBERY": 63,
        "KIDNAPPING_AND_ABDUCTION": 93,
        "TOTAL_IPC_CRIMES": 2801
    },
    {
        "STATE_UT": "UTTAR PRADESH",
        "DISTRICT": "TOTAL",
        "MURDER": 7601,
        "RAPE": 1958,
        "ROBBERY": 3825,
        "KIDNAPPING_AND_ABDUCTION": 4330,
        "TOTAL_IPC_CRIMES": 178129
    },
    {
        "STATE_UT": "UTTARAKHAND",
        "DISTRICT": "TOTAL",
        "MURDER": 316,
        "RAPE": 74,
        "ROBBERY": 191,
        "KIDNAPPING_AND_ABDUCTION": 183,
        "TOTAL_IPC_CRIMES": 8073
    },
    {
        "STATE_UT": "WEST BENGAL",
        "DISTRICT": "TOTAL",
        "MURDER": 1594,
        "RAPE": 709,
        "ROBBERY": 660,
        "KIDNAPPING_AND_ABDUCTION": 875,
        "TOTAL_IPC_CRIMES": 61563
    },
    {
        "STATE_UT": "A & N ISLANDS",
        "DISTRICT": "TOTAL",
        "MURDER": 13,
        "RAPE": 3,
        "ROBBERY": 4,
        "KIDNAPPING_AND_ABDUCTION": 2,
        "TOTAL_IPC_CRIMES": 658
    },
    {
        "STATE_UT": "CHANDIGARH",
        "DISTRICT": "TOTAL",
        "MURDER": 15,
        "RAPE": 18,
        "ROBBERY": 22,
        "KIDNAPPING_AND_ABDUCTION": 56,
        "TOTAL_IPC_CRIMES": 3397
    },
    {
        "STATE_UT": "D & N HAVELI",
        "DISTRICT": "TOTAL",
        "MURDER": 3,
        "RAPE": 6,
        "ROBBERY": 2,
        "KIDNAPPING_AND_ABDUCTION": 4,
        "TOTAL_IPC_CRIMES": 350
    },
    {
        "STATE_UT": "DAMAN & DIU",
        "DISTRICT": "TOTAL",
        "MURDER": 7,
        "RAPE": 0,
        "ROBBERY": 0,
        "KIDNAPPING_AND_ABDUCTION": 5,
        "TOTAL_IPC_CRIMES": 239
    },
    {
        "STATE_UT": "LAKSHADWEEP",
        "DISTRICT": "TOTAL",
        "MURDER": 1,
        "RAPE": 0,
        "ROBBERY": 0,
        "KIDNAPPING_AND_ABDUCTION": 0,
        "TOTAL_IPC_CRIMES": 36
    },
    {
        "STATE_UT": "PUDUCHERRY",
        "DISTRICT": "TOTAL",
        "MURDER": 25,
        "RAPE": 9,
        "ROBBERY": 4,
        "KIDNAPPING_AND_ABDUCTION": 4,
        "TOTAL_IPC_CRIMES": 4068
    }
]