[{"STATE_UT":"ANDHRA PRADESH","YEAR":2001,"MURDER":4293,"RAPE":1742,"THEFT":41574,"RIOTS":3001,"KIDNAPPING":2364,"OTHERS":83886,"CRIME_AGAINST_WOMEN":12033,"TOTAL":130089},{"STATE_UT":"ARUNACHAL PRADESH","YEAR":2001,"MURDER":139,"RAPE":66,"THEFT":1242,"RIOTS":24,"KIDNAPPING":166,"OTHERS":1172,"CRIME_AGAINST_WOMEN":92,"TOTAL":2342},{"STATE_UT":"ASSAM","YEAR":2001,"MURDER":1877,"RAPE":1634,"THEFT":14390,"RIOTS":2953,"KIDNAPPING":2960,"OTHERS":18566,"CRIME_AGAINST_WOMEN":2161,"TOTAL":36877},{"STATE_UT":"BIHAR","YEAR":2001,"MURDER":7312,"RAPE":1776,"THEFT":26276,"RIOTS":8606,"KIDNAPPING":4318,"OTHERS":49809,"CRIME_AGAINST_WOMEN":3083,"TOTAL":88432},{"STATE_UT":"CHHATTISGARH","YEAR":2001,"MURDER":1454,"RAPE":1918,"THEFT":14212,"RIOTS":871,"KIDNAPPING":414,"OTHERS":22735,"CRIME_AGAINST_WOMEN":2834,"TOTAL":38460},{"STATE_UT":"GOA","YEAR":2001,"MURDER":71,"RAPE":24,"THEFT":1543,"RIOTS":64,"KIDNAPPING":18,"OTHERS":1181,"CRIME_AGAINST_WOMEN":37,"TOTAL":2341},{"STATE_UT":"GUJARAT","YEAR":2001,"MURDER":1857,"RAPE":572,"THEFT":38147,"RIOTS":1930,"KIDNAPPING":1996,"OTHERS":71434,"CRIME_AGAINST_WOMEN":4601,"TOTAL":103419},{"STATE_UT":"HARYANA","YEAR":2001,"MURDER":1326,"RAPE":796,"THEFT":15958,"RIOTS":750,"KIDNAPPING":898,"OTHERS":23318,"CRIME_AGAINST_WOMEN":2677,"TOTAL":38759},{"STATE_UT":"HIMACHAL PRADESH","YEAR":2001,"MURDER":205,"RAPE":248,"THEFT":2076,"RIOTS":628,"KIDNAPPING":252,"OTHERS":8289,"CRIME_AGAINST_WOMEN":651,"TOTAL":11499},{"STATE_UT":"JAMMU & KASHMIR","YEAR":2001,"MURDER":2582,"RAPE":338,"THEFT":5368,"RIOTS":1072,"KIDNAPPING":1212,"OTHERS":10654,"CRIME_AGAINST_WOMEN":973,"TOTAL":19505},{"STATE_UT":"JHARKHAND","YEAR":2001,"MURDER":2516,"RAPE":1134,"THEFT":10251,"RIOTS":2018,"KIDNAPPING":882,"OTHERS":12476,"CRIME_AGAINST_WOMEN":1005,"TOTAL":25447},{"STATE_UT":"KARNATAKA","YEAR":2001,"MURDER":3175,"RAPE":586,"THEFT":33191,"RIOTS":6686,"KIDNAPPING":1118,"OTHERS":74341,"CRIME_AGAINST_WOMEN":3721,"TOTAL":109098},{"STATE_UT":"KERALA","YEAR":2001,"MURDER":1198,"RAPE":1124,"THEFT":16062,"RIOTS":8108,"KIDNAPPING":366,"OTHERS":78564,"CRIME_AGAINST_WOMEN":4611,"TOTAL":103847},{"STATE_UT":"MADHYA PRADESH","YEAR":2001,"MURDER":5420,"RAPE":5702,"THEFT":56135,"RIOTS":3395,"KIDNAPPING":1912,"OTHERS":122262,"CRIME_AGAINST_WOMEN":10985,"TOTAL":181741},{"STATE_UT":"MAHARASHTRA","YEAR":2001,"MURDER":4394,"RAPE":2604,"THEFT":97901,"RIOTS":6719,"KIDNAPPING":1970,"OTHERS":89456,"CRIME_AGAINST_WOMEN":10342,"TOTAL":171233},{"STATE_UT":"MANIPUR","YEAR":2001,"MURDER":382,"RAPE":40,"THEFT":565,"RIOTS":131,"KIDNAPPING":188,"OTHERS":1488,"CRIME_AGAINST_WOMEN":26,"TOTAL":2489},{"STATE_UT":"MEGHALAYA","YEAR":2001,"MURDER":213,"RAPE":52,"THEFT":937,"RIOTS":8,"KIDNAPPING":110,"OTHERS":690,"CRIME_AGAINST_WOMEN":29,"TOTAL":1687},{"STATE_UT":"MIZORAM","YEAR":2001,"MURDER":51,"RAPE":104,"THEFT":2199,"RIOTS":3,"KIDNAPPING":4,"OTHERS":746,"CRIME_AGAINST_WOMEN":71,"TOTAL":2246},{"STATE_UT":"NAGALAND","YEAR":2001,"MURDER":149,"RAPE":34,"THEFT":819,"RIOTS":2,"KIDNAPPING":46,"OTHERS":476,"CRIME_AGAINST_WOMEN":6,"TOTAL":1234},{"STATE_UT":"ODISHA","YEAR":2001,"MURDER":2191,"RAPE":1580,"THEFT":15516,"RIOTS":1426,"KIDNAPPING":1044,"OTHERS":28165,"CRIME_AGAINST_WOMEN":3673,"TOTAL":46661},{"STATE_UT":"PUNJAB","YEAR":2001,"MURDER":1607,"RAPE":596,"THEFT":8208,"RIOTS":1,"KIDNAPPING":1026,"OTHERS":18464,"CRIME_AGAINST_WOMEN":1706,"TOTAL":27774},{"STATE_UT":"RAJASTHAN","YEAR":2001,"MURDER":3245,"RAPE":2098,"THEFT":42151,"RIOTS":11214,"KIDNAPPING":5436,"OTHERS":102904,"CRIME_AGAINST_WOMEN":8843,"TOTAL":155185},{"STATE_UT":"SIKKIM","YEAR":2001,"MURDER":37,"RAPE":16,"THEFT":227,"RIOTS":3,"KIDNAPPING":12,"OTHERS":223,"CRIME_AGAINST_WOMEN":14,"TOTAL":444},{"STATE_UT":"TAMIL NADU","YEAR":2001,"MURDER":3885,"RAPE":846,"THEFT":40219,"RIOTS":5196,"KIDNAPPING":1904,"OTHERS":117030,"CRIME_AGAINST_WOMEN":3805,"TOTAL":154801},{"STATE_UT":"TRIPURA","YEAR":2001,"MURDER":265,"RAPE":204,"THEFT":805,"RIOTS":138,"KIDNAPPING":186,"OTHERS":1356,"CRIME_AGAINST_WOMEN":301,"TOTAL":2801},{"STATE_UT":"UTTAR PRADESH","YEAR":2001,"MURDER":16751,"RAPE":3916,"THEFT":67201,"RIOTS":7343,"KIDNAPPING":8660,"OTHERS":92536,"CRIME_AGAINST_WOMEN":15021,"TOTAL":178129},{"STATE_UT":"UTTARAKHAND","YEAR":2001,"MURDER":633,"RAPE":148,"THEFT":3597,"RIOTS":440,"KIDNAPPING":366,"OTHERS":4021,"CRIME_AGAINST_WOMEN":544,"TOTAL":8073},{"STATE_UT":"WEST BENGAL","YEAR":2001,"MURDER":2624,"RAPE":1418,"THEFT":30271,"RIOTS":3095,"KIDNAPPING":1750,"OTHERS":33105,"CRIME_AGAINST_WOMEN":5129,"TOTAL":61563},{"STATE_UT":"A & N ISLANDS","YEAR":2001,"MURDER":13,"RAPE":6,"THEFT":198,"RIOTS":13,"KIDNAPPING":4,"OTHERS":465,"CRIME_AGAINST_WOMEN":29,"TOTAL":658},{"STATE_UT":"CHANDIGARH","YEAR":2001,"MURDER":31,"RAPE":36,"THEFT":3449,"RIOTS":91,"KIDNAPPING":112,"OTHERS":1203,"CRIME_AGAINST_WOMEN":78,"TOTAL":3397},{"STATE_UT":"D & N HAVELI","YEAR":2001,"MURDER":5,"RAPE":12,"THEFT":126,"RIOTS":4,"KIDNAPPING":8,"OTHERS":239,"CRIME_AGAINST_WOMEN":11,"TOTAL":350},{"STATE_UT":"DAMAN & DIU","YEAR":2001,"MURDER":12,"RAPE":0,"THEFT":123,"RIOTS":23,"KIDNAPPING":10,"OTHERS":112,"CRIME_AGAINST_WOMEN":4,"TOTAL":239},{"STATE_UT":"LAKSHADWEEP","YEAR":2001,"MURDER":1,"RAPE":0,"THEFT":21,"RIOTS":1,"KIDNAPPING":0,"OTHERS":23,"CRIME_AGAINST_WOMEN":0,"TOTAL":36},{"STATE_UT":"PUDUCHERRY","YEAR":2001,"MURDER":58,"RAPE":18,"THEFT":1172,"RIOTS":100,"KIDNAPPING":8,"OTHERS":3187,"CRIME_AGAINST_WOMEN":66,"TOTAL":4068},{"STATE_UT":"ANDHRA PRADESH","YEAR":2002,"MURDER":4334,"RAPE":2004,"THEFT":46920,"RIOTS":2140,"KIDNAPPING":2604,"OTHERS":93844,"CRIME_AGAINST_WOMEN":13290,"TOTAL":143610},{"STATE_UT":"ARUNACHAL PRADESH","YEAR":2002,"MURDER":105,"RAPE":76,"THEFT":1157,"RIOTS":21,"KIDNAPPING":114,"OTHERS":1162,"CRIME_AGAINST_WOMEN":83,"TOTAL":2228},{"STATE_UT":"ASSAM","YEAR":2002,"MURDER":1787,"RAPE":1940,"THEFT":14712,"RIOTS":3014,"KIDNAPPING":3190,"OTHERS":17068,"CRIME_AGAINST_WOMEN":2755,"TOTAL":36346},{"STATE_UT":"BIHAR","YEAR":2002,"MURDER":7634,"RAPE":2080,"THEFT":27196,"RIOTS":8675,"KIDNAPPING":4722,"OTHERS":54110,"CRIME_AGAINST_WOMEN":3169,"TOTAL":94040},{"STATE_UT":"CHHATTISGARH","YEAR":2002,"MURDER":1321,"RAPE":1984,"THEFT":12811,"RIOTS":817,"KIDNAPPING":356,"OTHERS":23765,"CRIME_AGAINST_WOMEN":2368,"TOTAL":37950},{"STATE_UT":"GOA","YEAR":2002,"MURDER":54,"RAPE":24,"THEFT":1397,"RIOTS":79,"KIDNAPPING":18,"OTHERS":1351,"CRIME_AGAINST_WOMEN":34,"TOTAL":2440},{"STATE_UT":"GUJARAT","YEAR":2002,"MURDER":2304,"RAPE":534,"THEFT":38725,"RIOTS":3665,"KIDNAPPING":2030,"OTHERS":72204,"CRIME_AGAINST_WOMEN":4237,"TOTAL":106675},{"STATE_UT":"HARYANA","YEAR":2002,"MURDER":1336,"RAPE":722,"THEFT":15525,"RIOTS":700,"KIDNAPPING":854,"OTHERS":24066,"CRIME_AGAINST_WOMEN":3699,"TOTAL":40152},{"STATE_UT":"HIMACHAL PRADESH","YEAR":2002,"MURDER":215,"RAPE":274,"THEFT":1857,"RIOTS":646,"KIDNAPPING":276,"OTHERS":9236,"CRIME_AGAINST_WOMEN":578,"TOTAL":12243},{"STATE_UT":"JAMMU & KASHMIR","YEAR":2002,"MURDER":2319,"RAPE":384,"THEFT":5566,"RIOTS":996,"KIDNAPPING":1348,"OTHERS":11015,"CRIME_AGAINST_WOMEN":1225,"TOTAL":19967},{"STATE_UT":"JHARKHAND","YEAR":2002,"MURDER":2746,"RAPE":1594,"THEFT":11582,"RIOTS":2281,"KIDNAPPING":936,"OTHERS":16626,"CRIME_AGAINST_WOMEN":1313,"TOTAL":31439},{"STATE_UT":"KARNATAKA","YEAR":2002,"MURDER":3258,"RAPE":584,"THEFT":35332,"RIOTS":6838,"KIDNAPPING":1290,"OTHERS":77345,"CRIME_AGAINST_WOMEN":3807,"TOTAL":113699},{"STATE_UT":"KERALA","YEAR":2002,"MURDER":1226,"RAPE":998,"THEFT":16861,"RIOTS":8090,"KIDNAPPING":324,"OTHERS":78027,"CRIME_AGAINST_WOMEN":5078,"TOTAL":104200},{"STATE_UT":"MADHYA PRADESH","YEAR":2002,"MURDER":5453,"RAPE":5782,"THEFT":56969,"RIOTS":3178,"KIDNAPPING":1928,"OTHERS":131411,"CRIME_AGAINST_WOMEN":11692,"TOTAL":191799},{"STATE_UT":"MAHARASHTRA","YEAR":2002,"MURDER":4296,"RAPE":2704,"THEFT":92638,"RIOTS":6360,"KIDNAPPING":1906,"OTHERS":88358,"CRIME_AGAINST_WOMEN":9111,"TOTAL":165462},{"STATE_UT":"MANIPUR","YEAR":2002,"MURDER":328,"RAPE":28,"THEFT":571,"RIOTS":64,"KIDNAPPING":314,"OTHERS":1637,"CRIME_AGAINST_WOMEN":68,"TOTAL":2584},{"STATE_UT":"MEGHALAYA","YEAR":2002,"MURDER":228,"RAPE":76,"THEFT":1113,"RIOTS":9,"KIDNAPPING":104,"OTHERS":593,"CRIME_AGAINST_WOMEN":23,"TOTAL":1664},{"STATE_UT":"MIZORAM","YEAR":2002,"MURDER":60,"RAPE":152,"THEFT":2456,"RIOTS":1,"KIDNAPPING":14,"OTHERS":1143,"CRIME_AGAINST_WOMEN":76,"TOTAL":2820},{"STATE_UT":"NAGALAND","YEAR":2002,"MURDER":139,"RAPE":34,"THEFT":773,"RIOTS":5,"KIDNAPPING":54,"OTHERS":409,"CRIME_AGAINST_WOMEN":1,"TOTAL":1114},{"STATE_UT":"ODISHA","YEAR":2002,"MURDER":2505,"RAPE":1382,"THEFT":14641,"RIOTS":1598,"KIDNAPPING":1046,"OTHERS":29830,"CRIME_AGAINST_WOMEN":3208,"TOTAL":47728},{"STATE_UT":"PUNJAB","YEAR":2002,"MURDER":1540,"RAPE":598,"THEFT":8097,"RIOTS":2,"KIDNAPPING":1102,"OTHERS":19672,"CRIME_AGAINST_WOMEN":1596,"TOTAL":28794},{"STATE_UT":"RAJASTHAN","YEAR":2002,"MURDER":3387,"RAPE":2102,"THEFT":40101,"RIOTS":7178,"KIDNAPPING":5174,"OTHERS":104393,"CRIME_AGAINST_WOMEN":8864,"TOTAL":151248},{"STATE_UT":"SIKKIM","YEAR":2002,"MURDER":20,"RAPE":12,"THEFT":199,"RIOTS":15,"KIDNAPPING":18,"OTHERS":280,"CRIME_AGAINST_WOMEN":20,"TOTAL":485},{"STATE_UT":"TAMIL NADU","YEAR":2002,"MURDER":3892,"RAPE":1068,"THEFT":43897,"RIOTS":4252,"KIDNAPPING":2002,"OTHERS":127231,"CRIME_AGAINST_WOMEN":4890,"TOTAL":166942},{"STATE_UT":"TRIPURA","YEAR":2002,"MURDER":240,"RAPE":216,"THEFT":817,"RIOTS":180,"KIDNAPPING":256,"OTHERS":1492,"CRIME_AGAINST_WOMEN":380,"TOTAL":3075},{"STATE_UT":"UTTAR PRADESH","YEAR":2002,"MURDER":14351,"RAPE":2830,"THEFT":54415,"RIOTS":4878,"KIDNAPPING":6860,"OTHERS":78363,"CRIME_AGAINST_WOMEN":11604,"TOTAL":146037},{"STATE_UT":"UTTARAKHAND","YEAR":2002,"MURDER":588,"RAPE":178,"THEFT":3499,"RIOTS":342,"KIDNAPPING":396,"OTHERS":4000,"CRIME_AGAINST_WOMEN":625,"TOTAL":7976},{"STATE_UT":"WEST BENGAL","YEAR":2002,"MURDER":2397,"RAPE":1518,"THEFT":26640,"RIOTS":2461,"KIDNAPPING":1662,"OTHERS":32982,"CRIME_AGAINST_WOMEN":5341,"TOTAL":58962},{"STATE_UT":"A & N ISLANDS","YEAR":2002,"MURDER":21,"RAPE":4,"THEFT":155,"RIOTS":11,"KIDNAPPING":4,"OTHERS":442,"CRIME_AGAINST_WOMEN":24,"TOTAL":608},{"STATE_UT":"CHANDIGARH","YEAR":2002,"MURDER":73,"RAPE":36,"THEFT":3658,"RIOTS":78,"KIDNAPPING":108,"OTHERS":1451,"CRIME_AGAINST_WOMEN":121,"TOTAL":3806},{"STATE_UT":"D & N HAVELI","YEAR":2002,"MURDER":13,"RAPE":8,"THEFT":192,"RIOTS":5,"KIDNAPPING":18,"OTHERS":195,"CRIME_AGAINST_WOMEN":6,"TOTAL":349},{"STATE_UT":"DAMAN & DIU","YEAR":2002,"MURDER":11,"RAPE":0,"THEFT":171,"RIOTS":16,"KIDNAPPING":6,"OTHERS":113,"CRIME_AGAINST_WOMEN":3,"TOTAL":261},{"STATE_UT":"LAKSHADWEEP","YEAR":2002,"MURDER":0,"RAPE":2,"THEFT":33,"RIOTS":18,"KIDNAPPING":0,"OTHERS":12,"CRIME_AGAINST_WOMEN":1,"TOTAL":53},{"STATE_UT":"PUDUCHERRY","YEAR":2002,"MURDER":74,"RAPE":12,"THEFT":1189,"RIOTS":193,"KIDNAPPING":20,"OTHERS":3392,"CRIME_AGAINST_WOMEN":99,"TOTAL":4437},{"STATE_UT":"ANDHRA PRADESH","YEAR":2003,"MURDER":4492,"RAPE":1892,"THEFT":56707,"RIOTS":2328,"KIDNAPPING":2970,"OTHERS":99349,"CRIME_AGAINST_WOMEN":15052,"TOTAL":156951},{"STATE_UT":"ARUNACHAL PRADESH","YEAR":2003,"MURDER":100,"RAPE":62,"THEFT":1090,"RIOTS":7,"KIDNAPPING":136,"OTHERS":1078,"CRIME_AGAINST_WOMEN":57,"TOTAL":2061},{"STATE_UT":"ASSAM","YEAR":2003,"MURDER":1724,"RAPE":2190,"THEFT":14676,"RIOTS":3340,"KIDNAPPING":3256,"OTHERS":18505,"CRIME_AGAINST_WOMEN":2752,"TOTAL":38195},{"STATE_UT":"BIHAR","YEAR":2003,"MURDER":7609,"RAPE":1970,"THEFT":27038,"RIOTS":8029,"KIDNAPPING":4854,"OTHERS":52774,"CRIME_AGAINST_WOMEN":3525,"TOTAL":92263},{"STATE_UT":"CHHATTISGARH","YEAR":2003,"MURDER":1340,"RAPE":1796,"THEFT":12446,"RIOTS":703,"KIDNAPPING":354,"OTHERS":24789,"CRIME_AGAINST_WOMEN":2266,"TOTAL":38449},{"STATE_UT":"GOA","YEAR":2003,"MURDER":65,"RAPE":62,"THEFT":1211,"RIOTS":47,"KIDNAPPING":28,"OTHERS":1288,"CRIME_AGAINST_WOMEN":52,"TOTAL":2244},{"STATE_UT":"GUJARAT","YEAR":2003,"MURDER":1621,"RAPE":472,"THEFT":46071,"RIOTS":1824,"KIDNAPPING":2088,"OTHERS":67665,"CRIME_AGAINST_WOMEN":4552,"TOTAL":103709},{"STATE_UT":"HARYANA","YEAR":2003,"MURDER":1224,"RAPE":706,"THEFT":14697,"RIOTS":639,"KIDNAPPING":776,"OTHERS":23416,"CRIME_AGAINST_WOMEN":3486,"TOTAL":38612},{"STATE_UT":"HIMACHAL PRADESH","YEAR":2003,"MURDER":204,"RAPE":252,"THEFT":1988,"RIOTS":610,"KIDNAPPING":226,"OTHERS":9102,"CRIME_AGAINST_WOMEN":495,"TOTAL":12011},{"STATE_UT":"JAMMU & KASHMIR","YEAR":2003,"MURDER":2174,"RAPE":422,"THEFT":5601,"RIOTS":1167,"KIDNAPPING":1424,"OTHERS":11985,"CRIME_AGAINST_WOMEN":1332,"TOTAL":21233},{"STATE_UT":"JHARKHAND","YEAR":2003,"MURDER":2548,"RAPE":1424,"THEFT":11381,"RIOTS":2481,"KIDNAPPING":974,"OTHERS":17502,"CRIME_AGAINST_WOMEN":1247,"TOTAL":32203},{"STATE_UT":"KARNATAKA","YEAR":2003,"MURDER":2805,"RAPE":642,"THEFT":35561,"RIOTS":5784,"KIDNAPPING":1062,"OTHERS":78016,"CRIME_AGAINST_WOMEN":3567,"TOTAL":112405},{"STATE_UT":"KERALA","YEAR":2003,"MURDER":1226,"RAPE":788,"THEFT":14986,"RIOTS":6798,"KIDNAPPING":378,"OTHERS":75144,"CRIME_AGAINST_WOMEN":4978,"TOTAL":98824},{"STATE_UT":"MADHYA PRADESH","YEAR":2003,"MURDER":4843,"RAPE":5476,"THEFT":55600,"RIOTS":2729,"KIDNAPPING":1774,"OTHERS":133564,"CRIME_AGAINST_WOMEN":11139,"TOTAL":191078},{"STATE_UT":"MAHARASHTRA","YEAR":2003,"MURDER":4297,"RAPE":2536,"THEFT":90947,"RIOTS":5714,"KIDNAPPING":1852,"OTHERS":89089,"CRIME_AGAINST_WOMEN":9163,"TOTAL":164306},{"STATE_UT":"MANIPUR","YEAR":2003,"MURDER":355,"RAPE":36,"THEFT":581,"RIOTS":73,"KIDNAPPING":240,"OTHERS":1594,"CRIME_AGAINST_WOMEN":48,"TOTAL":2537},{"STATE_UT":"MEGHALAYA","YEAR":2003,"MURDER":252,"RAPE":80,"THEFT":1097,"RIOTS":5,"KIDNAPPING":98,"OTHERS":568,"CRIME_AGAINST_WOMEN":18,"TOTAL":1669},{"STATE_UT":"MIZORAM","YEAR":2003,"MURDER":85,"RAPE":108,"THEFT":3119,"RIOTS":3,"KIDNAPPING":16,"OTHERS":1399,"CRIME_AGAINST_WOMEN":91,"TOTAL":3456},{"STATE_UT":"NAGALAND","YEAR":2003,"MURDER":133,"RAPE":28,"THEFT":648,"RIOTS":8,"KIDNAPPING":76,"OTHERS":349,"CRIME_AGAINST_WOMEN":7,"TOTAL":976},{"STATE_UT":"ODISHA","YEAR":2003,"MURDER":2446,"RAPE":1450,"THEFT":14762,"RIOTS":1408,"KIDNAPPING":954,"OTHERS":29397,"CRIME_AGAINST_WOMEN":3425,"TOTAL":47281},{"STATE_UT":"PUNJAB","YEAR":2003,"MURDER":1464,"RAPE":760,"THEFT":8745,"RIOTS":0,"KIDNAPPING":928,"OTHERS":19259,"CRIME_AGAINST_WOMEN":1642,"TOTAL":28756},{"STATE_UT":"RAJASTHAN","YEAR":2003,"MURDER":3300,"RAPE":2100,"THEFT":39716,"RIOTS":4052,"KIDNAPPING":4476,"OTHERS":102808,"CRIME_AGAINST_WOMEN":8871,"TOTAL":145579},{"STATE_UT":"SIKKIM","YEAR":2003,"MURDER":24,"RAPE":20,"THEFT":183,"RIOTS":10,"KIDNAPPING":0,"OTHERS":255,"CRIME_AGAINST_WOMEN":26,"TOTAL":443},{"STATE_UT":"TAMIL NADU","YEAR":2003,"MURDER":3462,"RAPE":1114,"THEFT":41927,"RIOTS":3706,"KIDNAPPING":1758,"OTHERS":120189,"CRIME_AGAINST_WOMEN":4679,"TOTAL":157186},{"STATE_UT":"TRIPURA","YEAR":2003,"MURDER":341,"RAPE":228,"THEFT":824,"RIOTS":274,"KIDNAPPING":292,"OTHERS":1697,"CRIME_AGAINST_WOMEN":394,"TOTAL":3514},{"STATE_UT":"UTTAR PRADESH","YEAR":2003,"MURDER":10602,"RAPE":1822,"THEFT":38019,"RIOTS":2251,"KIDNAPPING":4416,"OTHERS":46817,"CRIME_AGAINST_WOMEN":10016,"TOTAL":95073},{"STATE_UT":"UTTARAKHAND","YEAR":2003,"MURDER":535,"RAPE":214,"THEFT":3482,"RIOTS":392,"KIDNAPPING":342,"OTHERS":3960,"CRIME_AGAINST_WOMEN":644,"TOTAL":7923},{"STATE_UT":"WEST BENGAL","YEAR":2003,"MURDER":2309,"RAPE":2004,"THEFT":27266,"RIOTS":2596,"KIDNAPPING":1804,"OTHERS":33177,"CRIME_AGAINST_WOMEN":6535,"TOTAL":61174},{"STATE_UT":"A & N ISLANDS","YEAR":2003,"MURDER":26,"RAPE":4,"THEFT":185,"RIOTS":19,"KIDNAPPING":4,"OTHERS":452,"CRIME_AGAINST_WOMEN":18,"TOTAL":644},{"STATE_UT":"CHANDIGARH","YEAR":2003,"MURDER":38,"RAPE":36,"THEFT":2696,"RIOTS":46,"KIDNAPPING":64,"OTHERS":1105,"CRIME_AGAINST_WOMEN":109,"TOTAL":2806},{"STATE_UT":"D & N HAVELI","YEAR":2003,"MURDER":16,"RAPE":2,"THEFT":173,"RIOTS":17,"KIDNAPPING":14,"OTHERS":179,"CRIME_AGAINST_WOMEN":6,"TOTAL":338},{"STATE_UT":"DAMAN & DIU","YEAR":2003,"MURDER":9,"RAPE":10,"THEFT":138,"RIOTS":31,"KIDNAPPING":2,"OTHERS":127,"CRIME_AGAINST_WOMEN":4,"TOTAL":269},{"STATE_UT":"LAKSHADWEEP","YEAR":2003,"MURDER":0,"RAPE":4,"THEFT":22,"RIOTS":4,"KIDNAPPING":0,"OTHERS":9,"CRIME_AGAINST_WOMEN":2,"TOTAL":31},{"STATE_UT":"PUDUCHERRY","YEAR":2003,"MURDER":61,"RAPE":4,"THEFT":1273,"RIOTS":159,"KIDNAPPING":36,"OTHERS":3483,"CRIME_AGAINST_WOMEN":88,"TOTAL":4517},{"STATE_UT":"ANDHRA PRADESH","YEAR":2004,"MURDER":4650,"RAPE":2032,"THEFT":56410,"RIOTS":2540,"KIDNAPPING":3052,"OTHERS":101163,"CRIME_AGAINST_WOMEN":15029,"TOTAL":158756},{"STATE_UT":"ARUNACHAL PRADESH","YEAR":2004,"MURDER":113,"RAPE":84,"THEFT":1068,"RIOTS":65,"KIDNAPPING":130,"OTHERS":1226,"CRIME_AGAINST_WOMEN":65,"TOTAL":2256},{"STATE_UT":"ASSAM","YEAR":2004,"MURDER":1687,"RAPE":2342,"THEFT":15172,"RIOTS":3615,"KIDNAPPING":3812,"OTHERS":20077,"CRIME_AGAINST_WOMEN":2913,"TOTAL":40675},{"STATE_UT":"BIHAR","YEAR":2004,"MURDER":7223,"RAPE":2780,"THEFT":29851,"RIOTS":9793,"KIDNAPPING":6826,"OTHERS":63043,"CRIME_AGAINST_WOMEN":4460,"TOTAL":108060},{"STATE_UT":"CHHATTISGARH","YEAR":2004,"MURDER":1571,"RAPE":1938,"THEFT":14225,"RIOTS":790,"KIDNAPPING":428,"OTHERS":26568,"CRIME_AGAINST_WOMEN":2604,"TOTAL":41927},{"STATE_UT":"GOA","YEAR":2004,"MURDER":51,"RAPE":74,"THEFT":1290,"RIOTS":33,"KIDNAPPING":26,"OTHERS":1149,"CRIME_AGAINST_WOMEN":57,"TOTAL":2127},{"STATE_UT":"GUJARAT","YEAR":2004,"MURDER":1609,"RAPE":678,"THEFT":44441,"RIOTS":1599,"KIDNAPPING":2266,"OTHERS":69965,"CRIME_AGAINST_WOMEN":4934,"TOTAL":105469},{"STATE_UT":"HARYANA","YEAR":2004,"MURDER":1239,"RAPE":772,"THEFT":16343,"RIOTS":699,"KIDNAPPING":846,"OTHERS":23034,"CRIME_AGAINST_WOMEN":3530,"TOTAL":39096},{"STATE_UT":"HIMACHAL PRADESH","YEAR":2004,"MURDER":199,"RAPE":306,"THEFT":2078,"RIOTS":562,"KIDNAPPING":246,"OTHERS":9294,"CRIME_AGAINST_WOMEN":560,"TOTAL":12326},{"STATE_UT":"JAMMU & KASHMIR","YEAR":2004,"MURDER":1957,"RAPE":436,"THEFT":5455,"RIOTS":1116,"KIDNAPPING":1470,"OTHERS":12304,"CRIME_AGAINST_WOMEN":1345,"TOTAL":21191},{"STATE_UT":"JHARKHAND","YEAR":2004,"MURDER":2746,"RAPE":1594,"THEFT":11582,"RIOTS":2281,"KIDNAPPING":936,"OTHERS":16626,"CRIME_AGAINST_WOMEN":1313,"TOTAL":31439},{"STATE_UT":"KARNATAKA","YEAR":2004,"MURDER":2963,"RAPE":582,"THEFT":39589,"RIOTS":6237,"KIDNAPPING":1184,"OTHERS":77522,"CRIME_AGAINST_WOMEN":3339,"TOTAL":114440},{"STATE_UT":"KERALA","YEAR":2004,"MURDER":1281,"RAPE":960,"THEFT":15843,"RIOTS":6461,"KIDNAPPING":464,"OTHERS":79322,"CRIME_AGAINST_WOMEN":5646,"TOTAL":104025},{"STATE_UT":"MADHYA PRADESH","YEAR":2004,"MURDER":5130,"RAPE":5750,"THEFT":59287,"RIOTS":2479,"KIDNAPPING":1664,"OTHERS":137169,"CRIME_AGAINST_WOMEN":11681,"TOTAL":196867},{"STATE_UT":"MAHARASHTRA","YEAR":2004,"MURDER":4274,"RAPE":2776,"THEFT":105736,"RIOTS":5980,"KIDNAPPING":2090,"OTHERS":92178,"CRIME_AGAINST_WOMEN":9653,"TOTAL":176302},{"STATE_UT":"MANIPUR","YEAR":2004,"MURDER":389,"RAPE":62,"THEFT":561,"RIOTS":115,"KIDNAPPING":256,"OTHERS":1523,"CRIME_AGAINST_WOMEN":32,"TOTAL":2535},{"STATE_UT":"MEGHALAYA","YEAR":2004,"MURDER":173,"RAPE":108,"THEFT":1152,"RIOTS":2,"KIDNAPPING":108,"OTHERS":694,"CRIME_AGAINST_WOMEN":41,"TOTAL":1752},{"STATE_UT":"MIZORAM","YEAR":2004,"MURDER":58,"RAPE":40,"THEFT":1486,"RIOTS":2,"KIDNAPPING":30,"OTHERS":478,"CRIME_AGAINST_WOMEN":66,"TOTAL":1515},{"STATE_UT":"NAGALAND","YEAR":2004,"MURDER":108,"RAPE":36,"THEFT":711,"RIOTS":6,"KIDNAPPING":46,"OTHERS":369,"CRIME_AGAINST_WOMEN":4,"TOTAL":984},{"STATE_UT":"ODISHA","YEAR":2004,"MURDER":2288,"RAPE":1540,"THEFT":16116,"RIOTS":1433,"KIDNAPPING":1052,"OTHERS":30081,"CRIME_AGAINST_WOMEN":3492,"TOTAL":48739},{"STATE_UT":"PUNJAB","YEAR":2004,"MURDER":1639,"RAPE":780,"THEFT":7122,"RIOTS":16,"KIDNAPPING":926,"OTHERS":17374,"CRIME_AGAINST_WOMEN":1213,"TOTAL":25630},{"STATE_UT":"RAJASTHAN","YEAR":2004,"MURDER":3368,"RAPE":2076,"THEFT":44372,"RIOTS":3101,"KIDNAPPING":4768,"OTHERS":109411,"CRIME_AGAINST_WOMEN":10027,"TOTAL":154859},{"STATE_UT":"SIKKIM","YEAR":2004,"MURDER":27,"RAPE":6,"THEFT":215,"RIOTS":76,"KIDNAPPING":10,"OTHERS":337,"CRIME_AGAINST_WOMEN":41,"TOTAL":631},{"STATE_UT":"TAMIL NADU","YEAR":2004,"MURDER":3277,"RAPE":1236,"THEFT":39797,"RIOTS":3433,"KIDNAPPING":1740,"OTHERS":131537,"CRIME_AGAINST_WOMEN":4604,"TOTAL":166606},{"STATE_UT":"TRIPURA","YEAR":2004,"MURDER":225,"RAPE":320,"THEFT":761,"RIOTS":148,"KIDNAPPING":198,"OTHERS":1492,"CRIME_AGAINST_WOMEN":456,"TOTAL":3081},{"STATE_UT":"UTTAR PRADESH","YEAR":2004,"MURDER":13142,"RAPE":2794,"THEFT":53429,"RIOTS":3915,"KIDNAPPING":6674,"OTHERS":66242,"CRIME_AGAINST_WOMEN":11243,"TOTAL":130181},{"STATE_UT":"UTTARAKHAND","YEAR":2004,"MURDER":538,"RAPE":230,"THEFT":3963,"RIOTS":444,"KIDNAPPING":426,"OTHERS":4218,"CRIME_AGAINST_WOMEN":740,"TOTAL":8634},{"STATE_UT":"WEST BENGAL","YEAR":2004,"MURDER":2283,"RAPE":2950,"THEFT":31167,"RIOTS":2691,"KIDNAPPING":2400,"OTHERS":36627,"CRIME_AGAINST_WOMEN":8372,"TOTAL":69350},{"STATE_UT":"A & N ISLANDS","YEAR":2004,"MURDER":18,"RAPE":20,"THEFT":278,"RIOTS":9,"KIDNAPPING":6,"OTHERS":519,"CRIME_AGAINST_WOMEN":14,"TOTAL":748},{"STATE_UT":"CHANDIGARH","YEAR":2004,"MURDER":51,"RAPE":38,"THEFT":3112,"RIOTS":43,"KIDNAPPING":108,"OTHERS":952,"CRIME_AGAINST_WOMEN":117,"TOTAL":2889},{"STATE_UT":"D & N HAVELI","YEAR":2004,"MURDER":15,"RAPE":14,"THEFT":131,"RIOTS":17,"KIDNAPPING":24,"OTHERS":272,"CRIME_AGAINST_WOMEN":8,"TOTAL":409},{"STATE_UT":"DAMAN & DIU","YEAR":2004,"MURDER":4,"RAPE":2,"THEFT":90,"RIOTS":19,"KIDNAPPING":4,"OTHERS":104,"CRIME_AGAINST_WOMEN":5,"TOTAL":198},{"STATE_UT":"LAKSHADWEEP","YEAR":2004,"MURDER":0,"RAPE":0,"THEFT":12,"RIOTS":37,"KIDNAPPING":0,"OTHERS":25,"CRIME_AGAINST_WOMEN":1,"TOTAL":70},{"STATE_UT":"PUDUCHERRY","YEAR":2004,"MURDER":57,"RAPE":8,"THEFT":1355,"RIOTS":147,"KIDNAPPING":20,"OTHERS":3593,"CRIME_AGAINST_WOMEN":88,"TOTAL":4620},{"STATE_UT":"ANDHRA PRADESH","YEAR":2005,"MURDER":4585,"RAPE":1870,"THEFT":56558,"RIOTS":2026,"KIDNAPPING":3224,"OTHERS":99940,"CRIME_AGAINST_WOMEN":15245,"TOTAL":157123},{"STATE_UT":"ARUNACHAL PRADESH","YEAR":2005,"MURDER":123,"RAPE":70,"THEFT":1425,"RIOTS":23,"KIDNAPPING":116,"OTHERS":1095,"CRIME_AGAINST_WOMEN":76,"TOTAL":2304},{"STATE_UT":"ASSAM","YEAR":2005,"MURDER":1814,"RAPE":2476,"THEFT":15800,"RIOTS":2760,"KIDNAPPING":3502,"OTHERS":21786,"CRIME_AGAINST_WOMEN":3226,"TOTAL":42006},{"STATE_UT":"BIHAR","YEAR":2005,"MURDER":7037,"RAPE":2294,"THEFT":28492,"RIOTS":7671,"KIDNAPPING":5386,"OTHERS":58496,"CRIME_AGAINST_WOMEN":3126,"TOTAL":97850},{"STATE_UT":"CHHATTISGARH","YEAR":2005,"MURDER":1714,"RAPE":1980,"THEFT":15451,"RIOTS":893,"KIDNAPPING":492,"OTHERS":27525,"CRIME_AGAINST_WOMEN":2414,"TOTAL":43633},{"STATE_UT":"GOA","YEAR":2005,"MURDER":65,"RAPE":40,"THEFT":1285,"RIOTS":45,"KIDNAPPING":34,"OTHERS":1131,"CRIME_AGAINST_WOMEN":51,"TOTAL":2119},{"STATE_UT":"GUJARAT","YEAR":2005,"MURDER":1512,"RAPE":648,"THEFT":42523,"RIOTS":1628,"KIDNAPPING":2328,"OTHERS":79183,"CRIME_AGAINST_WOMEN":5044,"TOTAL":113414},{"STATE_UT":"HARYANA","YEAR":2005,"MURDER":1354,"RAPE":922,"THEFT":21441,"RIOTS":899,"KIDNAPPING":984,"OTHERS":23447,"CRIME_AGAINST_WOMEN":3264,"TOTAL":42664},{"STATE_UT":"HIMACHAL PRADESH","YEAR":2005,"MURDER":211,"RAPE":282,"THEFT":2116,"RIOTS":558,"KIDNAPPING":236,"OTHERS":9352,"CRIME_AGAINST_WOMEN":545,"TOTAL":12345},{"STATE_UT":"JAMMU & KASHMIR","YEAR":2005,"MURDER":1589,"RAPE":402,"THEFT":5328,"RIOTS":1222,"KIDNAPPING":1496,"OTHERS":11646,"CRIME_AGAINST_WOMEN":1282,"TOTAL":20115},{"STATE_UT":"JHARKHAND","YEAR":2005,"MURDER":2694,"RAPE":1506,"THEFT":15373,"RIOTS":2524,"KIDNAPPING":1242,"OTHERS":18225,"CRIME_AGAINST_WOMEN":1180,"TOTAL":35175},{"STATE_UT":"KARNATAKA","YEAR":2005,"MURDER":3095,"RAPE":686,"THEFT":41531,"RIOTS":6151,"KIDNAPPING":1178,"OTHERS":79079,"CRIME_AGAINST_WOMEN":3800,"TOTAL":117580},{"STATE_UT":"KERALA","YEAR":2005,"MURDER":817,"RAPE":956,"THEFT":15907,"RIOTS":6535,"KIDNAPPING":452,"OTHERS":80023,"CRIME_AGAINST_WOMEN":5818,"TOTAL":104350},{"STATE_UT":"MADHYA PRADESH","YEAR":2005,"MURDER":5051,"RAPE":5842,"THEFT":54396,"RIOTS":2573,"KIDNAPPING":1694,"OTHERS":133120,"CRIME_AGAINST_WOMEN":10949,"TOTAL":189172},{"STATE_UT":"MAHARASHTRA","YEAR":2005,"MURDER":4333,"RAPE":3090,"THEFT":112676,"RIOTS":6779,"KIDNAPPING":2388,"OTHERS":96630,"CRIME_AGAINST_WOMEN":10721,"TOTAL":187027},{"STATE_UT":"MANIPUR","YEAR":2005,"MURDER":512,"RAPE":50,"THEFT":560,"RIOTS":35,"KIDNAPPING":212,"OTHERS":1873,"CRIME_AGAINST_WOMEN":45,"TOTAL":2913},{"STATE_UT":"MEGHALAYA","YEAR":2005,"MURDER":171,"RAPE":126,"THEFT":1277,"RIOTS":42,"KIDNAPPING":96,"OTHERS":707,"CRIME_AGAINST_WOMEN":48,"TOTAL":1880},{"STATE_UT":"MIZORAM","YEAR":2005,"MURDER":53,"RAPE":74,"THEFT":2005,"RIOTS":35,"KIDNAPPING":26,"OTHERS":733,"CRIME_AGAINST_WOMEN":57,"TOTAL":2156},{"STATE_UT":"NAGALAND","YEAR":2005,"MURDER":121,"RAPE":34,"THEFT":773,"RIOTS":8,"KIDNAPPING":52,"OTHERS":391,"CRIME_AGAINST_WOMEN":7,"TOTAL":1049},{"STATE_UT":"ODISHA","YEAR":2005,"MURDER":2406,"RAPE":1598,"THEFT":17747,"RIOTS":1515,"KIDNAPPING":1282,"OTHERS":30893,"CRIME_AGAINST_WOMEN":4427,"TOTAL":51685},{"STATE_UT":"PUNJAB","YEAR":2005,"MURDER":1652,"RAPE":796,"THEFT":7996,"RIOTS":1,"KIDNAPPING":956,"OTHERS":18356,"CRIME_AGAINST_WOMEN":1179,"TOTAL":27136},{"STATE_UT":"RAJASTHAN","YEAR":2005,"MURDER":3200,"RAPE":1986,"THEFT":41733,"RIOTS":2290,"KIDNAPPING":3986,"OTHERS":99717,"CRIME_AGAINST_WOMEN":8889,"TOTAL":140917},{"STATE_UT":"SIKKIM","YEAR":2005,"MURDER":26,"RAPE":36,"THEFT":253,"RIOTS":19,"KIDNAPPING":6,"OTHERS":272,"CRIME_AGAINST_WOMEN":42,"TOTAL":552},{"STATE_UT":"TAMIL NADU","YEAR":2005,"MURDER":3227,"RAPE":1142,"THEFT":35950,"RIOTS":2551,"KIDNAPPING":2058,"OTHERS":130589,"CRIME_AGAINST_WOMEN":4294,"TOTAL":162360},{"STATE_UT":"TRIPURA","YEAR":2005,"MURDER":178,"RAPE":324,"THEFT":903,"RIOTS":148,"KIDNAPPING":170,"OTHERS":1570,"CRIME_AGAINST_WOMEN":635,"TOTAL":3356},{"STATE_UT":"UTTAR PRADESH","YEAR":2005,"MURDER":12868,"RAPE":2434,"THEFT":48370,"RIOTS":3926,"KIDNAPPING":5910,"OTHERS":62682,"CRIME_AGAINST_WOMEN":10785,"TOTAL":122108},{"STATE_UT":"UTTARAKHAND","YEAR":2005,"MURDER":511,"RAPE":266,"THEFT":3988,"RIOTS":433,"KIDNAPPING":406,"OTHERS":3871,"CRIME_AGAINST_WOMEN":524,"TOTAL":8033},{"STATE_UT":"WEST BENGAL","YEAR":2005,"MURDER":2295,"RAPE":3372,"THEFT":26845,"RIOTS":2635,"KIDNAPPING":2414,"OTHERS":34793,"CRIME_AGAINST_WOMEN":9069,"TOTAL":66406},{"STATE_UT":"A & N ISLANDS","YEAR":2005,"MURDER":20,"RAPE":8,"THEFT":256,"RIOTS":4,"KIDNAPPING":4,"OTHERS":471,"CRIME_AGAINST_WOMEN":17,"TOTAL":682},{"STATE_UT":"CHANDIGARH","YEAR":2005,"MURDER":37,"RAPE":66,"THEFT":2983,"RIOTS":43,"KIDNAPPING":108,"OTHERS":1238,"CRIME_AGAINST_WOMEN":118,"TOTAL":3133},{"STATE_UT":"D & N HAVELI","YEAR":2005,"MURDER":12,"RAPE":10,"THEFT":178,"RIOTS":18,"KIDNAPPING":26,"OTHERS":272,"CRIME_AGAINST_WOMEN":10,"TOTAL":434},{"STATE_UT":"DAMAN & DIU","YEAR":2005,"MURDER":7,"RAPE":4,"THEFT":141,"RIOTS":19,"KIDNAPPING":8,"OTHERS":115,"CRIME_AGAINST_WOMEN":5,"TOTAL":243},{"STATE_UT":"LAKSHADWEEP","YEAR":2005,"MURDER":1,"RAPE":0,"THEFT":16,"RIOTS":6,"KIDNAPPING":0,"OTHERS":26,"CRIME_AGAINST_WOMEN":0,"TOTAL":42},{"STATE_UT":"PUDUCHERRY","YEAR":2005,"MURDER":51,"RAPE":12,"THEFT":1005,"RIOTS":159,"KIDNAPPING":12,"OTHERS":3718,"CRIME_AGAINST_WOMEN":96,"TOTAL":4575},{"STATE_UT":"ANDHRA PRADESH","YEAR":2006,"MURDER":4749,"RAPE":2098,"THEFT":56184,"RIOTS":2916,"KIDNAPPING":4060,"OTHERS":113863,"CRIME_AGAINST_WOMEN":16628,"TOTAL":173909},{"STATE_UT":"ARUNACHAL PRADESH","YEAR":2006,"MURDER":96,"RAPE":74,"THEFT":1261,"RIOTS":6,"KIDNAPPING":150,"OTHERS":1190,"CRIME_AGAINST_WOMEN":80,"TOTAL":2294},{"STATE_UT":"ASSAM","YEAR":2006,"MURDER":1653,"RAPE":2488,"THEFT":19426,"RIOTS":2684,"KIDNAPPING":3650,"OTHERS":20708,"CRIME_AGAINST_WOMEN":3953,"TOTAL":43673},{"STATE_UT":"BIHAR","YEAR":2006,"MURDER":6878,"RAPE":2464,"THEFT":30345,"RIOTS":8259,"KIDNAPPING":5238,"OTHERS":59582,"CRIME_AGAINST_WOMEN":3502,"TOTAL":100665},{"STATE_UT":"CHHATTISGARH","YEAR":2006,"MURDER":1938,"RAPE":1990,"THEFT":14654,"RIOTS":905,"KIDNAPPING":478,"OTHERS":29146,"CRIME_AGAINST_WOMEN":2562,"TOTAL":45177},{"STATE_UT":"GOA","YEAR":2006,"MURDER":57,"RAPE":42,"THEFT":1264,"RIOTS":63,"KIDNAPPING":32,"OTHERS":1238,"CRIME_AGAINST_WOMEN":39,"TOTAL":2204},{"STATE_UT":"GUJARAT","YEAR":2006,"MURDER":1660,"RAPE":708,"THEFT":43752,"RIOTS":1534,"KIDNAPPING":2256,"OTHERS":85118,"CRIME_AGAINST_WOMEN":5901,"TOTAL":120972},{"STATE_UT":"HARYANA","YEAR":2006,"MURDER":1517,"RAPE":1216,"THEFT":25775,"RIOTS":1142,"KIDNAPPING":1270,"OTHERS":27864,"CRIME_AGAINST_WOMEN":3486,"TOTAL":50509},{"STATE_UT":"HIMACHAL PRADESH","YEAR":2006,"MURDER":209,"RAPE":226,"THEFT":2414,"RIOTS":566,"KIDNAPPING":260,"OTHERS":9905,"CRIME_AGAINST_WOMEN":568,"TOTAL":13093},{"STATE_UT":"JAMMU & KASHMIR","YEAR":2006,"MURDER":1381,"RAPE":500,"THEFT":5347,"RIOTS":1197,"KIDNAPPING":1578,"OTHERS":12308,"CRIME_AGAINST_WOMEN":1452,"TOTAL":20787},{"STATE_UT":"JHARKHAND","YEAR":2006,"MURDER":2667,"RAPE":1598,"THEFT":15134,"RIOTS":2650,"KIDNAPPING":1270,"OTHERS":19240,"CRIME_AGAINST_WOMEN":1412,"TOTAL":36364},{"STATE_UT":"KARNATAKA","YEAR":2006,"MURDER":3179,"RAPE":800,"THEFT":37567,"RIOTS":6183,"KIDNAPPING":1126,"OTHERS":80625,"CRIME_AGAINST_WOMEN":4094,"TOTAL":117710},{"STATE_UT":"KERALA","YEAR":2006,"MURDER":827,"RAPE":1202,"THEFT":16052,"RIOTS":6365,"KIDNAPPING":588,"OTHERS":80049,"CRIME_AGAINST_WOMEN":6498,"TOTAL":105255},{"STATE_UT":"MADHYA PRADESH","YEAR":2006,"MURDER":4817,"RAPE":5800,"THEFT":56468,"RIOTS":2308,"KIDNAPPING":1616,"OTHERS":138385,"CRIME_AGAINST_WOMEN":10758,"TOTAL":194711},{"STATE_UT":"MAHARASHTRA","YEAR":2006,"MURDER":4436,"RAPE":3000,"THEFT":112383,"RIOTS":7453,"KIDNAPPING":2522,"OTHERS":99639,"CRIME_AGAINST_WOMEN":11589,"TOTAL":191788},{"STATE_UT":"MANIPUR","YEAR":2006,"MURDER":474,"RAPE":80,"THEFT":672,"RIOTS":60,"KIDNAPPING":260,"OTHERS":1746,"CRIME_AGAINST_WOMEN":52,"TOTAL":2884},{"STATE_UT":"MEGHALAYA","YEAR":2006,"MURDER":207,"RAPE":148,"THEFT":1206,"RIOTS":7,"KIDNAPPING":114,"OTHERS":778,"CRIME_AGAINST_WOMEN":76,"TOTAL":1935},{"STATE_UT":"MIZORAM","YEAR":2006,"MURDER":51,"RAPE":144,"THEFT":1955,"RIOTS":0,"KIDNAPPING":12,"OTHERS":695,"CRIME_AGAINST_WOMEN":52,"TOTAL":2073},{"STATE_UT":"NAGALAND","YEAR":2006,"MURDER":177,"RAPE":46,"THEFT":824,"RIOTS":7,"KIDNAPPING":62,"OTHERS":360,"CRIME_AGAINST_WOMEN":8,"TOTAL":1103},{"STATE_UT":"ODISHA","YEAR":2006,"MURDER":1947,"RAPE":1970,"THEFT":17753,"RIOTS":1535,"KIDNAPPING":1408,"OTHERS":32610,"CRIME_AGAINST_WOMEN":3825,"TOTAL":52792},{"STATE_UT":"PUNJAB","YEAR":2006,"MURDER":1880,"RAPE":884,"THEFT":10436,"RIOTS":3,"KIDNAPPING":1182,"OTHERS":21355,"CRIME_AGAINST_WOMEN":1307,"TOTAL":32068},{"STATE_UT":"RAJASTHAN","YEAR":2006,"MURDER":2982,"RAPE":2170,"THEFT":41628,"RIOTS":1767,"KIDNAPPING":3940,"OTHERS":100401,"CRIME_AGAINST_WOMEN":10048,"TOTAL":141992},{"STATE_UT":"SIKKIM","YEAR":2006,"MURDER":39,"RAPE":40,"THEFT":319,"RIOTS":12,"KIDNAPPING":16,"OTHERS":398,"CRIME_AGAINST_WOMEN":20,"TOTAL":703},{"STATE_UT":"TAMIL NADU","YEAR":2006,"MURDER":2982,"RAPE":914,"THEFT":31151,"RIOTS":1838,"KIDNAPPING":1812,"OTHERS":121823,"CRIME_AGAINST_WOMEN":3466,"TOTAL":148972},{"STATE_UT":"TRIPURA","YEAR":2006,"MURDER":207,"RAPE":378,"THEFT":1056,"RIOTS":154,"KIDNAPPING":210,"OTHERS":1908,"CRIME_AGAINST_WOMEN":713,"TOTAL":3940},{"STATE_UT":"UTTAR PRADESH","YEAR":2006,"MURDER":12020,"RAPE":2628,"THEFT":47799,"RIOTS":3774,"KIDNAPPING":6636,"OTHERS":67411,"CRIME_AGAINST_WOMEN":11812,"TOTAL":127001},{"STATE_UT":"UTTARAKHAND","YEAR":2006,"MURDER":529,"RAPE":294,"THEFT":4052,"RIOTS":489,"KIDNAPPING":424,"OTHERS":3975,"CRIME_AGAINST_WOMEN":704,"TOTAL":8412},{"STATE_UT":"WEST BENGAL","YEAR":2006,"MURDER":2498,"RAPE":3462,"THEFT":27531,"RIOTS":2385,"KIDNAPPING":2710,"OTHERS":35324,"CRIME_AGAINST_WOMEN":9760,"TOTAL":68052},{"STATE_UT":"A & N ISLANDS","YEAR":2006,"MURDER":9,"RAPE":12,"THEFT":289,"RIOTS":10,"KIDNAPPING":10,"OTHERS":433,"CRIME_AGAINST_WOMEN":25,"TOTAL":676},{"STATE_UT":"CHANDIGARH","YEAR":2006,"MURDER":41,"RAPE":38,"THEFT":2695,"RIOTS":44,"KIDNAPPING":130,"OTHERS":1351,"CRIME_AGAINST_WOMEN":145,"TOTAL":3126},{"STATE_UT":"D & N HAVELI","YEAR":2006,"MURDER":10,"RAPE":12,"THEFT":173,"RIOTS":8,"KIDNAPPING":36,"OTHERS":269,"CRIME_AGAINST_WOMEN":12,"TOTAL":435},{"STATE_UT":"DAMAN & DIU","YEAR":2006,"MURDER":9,"RAPE":6,"THEFT":195,"RIOTS":24,"KIDNAPPING":6,"OTHERS":113,"CRIME_AGAINST_WOMEN":4,"TOTAL":288},{"STATE_UT":"LAKSHADWEEP","YEAR":2006,"MURDER":2,"RAPE":0,"THEFT":36,"RIOTS":12,"KIDNAPPING":0,"OTHERS":46,"CRIME_AGAINST_WOMEN":1,"TOTAL":80},{"STATE_UT":"PUDUCHERRY","YEAR":2006,"MURDER":57,"RAPE":18,"THEFT":1209,"RIOTS":194,"KIDNAPPING":36,"OTHERS":3643,"CRIME_AGAINST_WOMEN":117,"TOTAL":4687},{"STATE_UT":"ANDHRA PRADESH","YEAR":2007,"MURDER":4685,"RAPE":2140,"THEFT":57249,"RIOTS":1998,"KIDNAPPING":4194,"OTHERS":112709,"CRIME_AGAINST_WOMEN":19670,"TOTAL":175087},{"STATE_UT":"ARUNACHAL PRADESH","YEAR":2007,"MURDER":99,"RAPE":96,"THEFT":1357,"RIOTS":16,"KIDNAPPING":136,"OTHERS":1118,"CRIME_AGAINST_WOMEN":93,"TOTAL":2286},{"STATE_UT":"ASSAM","YEAR":2007,"MURDER":1934,"RAPE":2874,"THEFT":18918,"RIOTS":2601,"KIDNAPPING":3942,"OTHERS":22276,"CRIME_AGAINST_WOMEN":3899,"TOTAL":45282},{"STATE_UT":"BIHAR","YEAR":2007,"MURDER":6404,"RAPE":3110,"THEFT":29400,"RIOTS":7962,"KIDNAPPING":5060,"OTHERS":69636,"CRIME_AGAINST_WOMEN":3728,"TOTAL":109420},{"STATE_UT":"CHHATTISGARH","YEAR":2007,"MURDER":1870,"RAPE":1964,"THEFT":14949,"RIOTS":881,"KIDNAPPING":488,"OTHERS":29716,"CRIME_AGAINST_WOMEN":2584,"TOTAL":45845},{"STATE_UT":"GOA","YEAR":2007,"MURDER":63,"RAPE":40,"THEFT":1309,"RIOTS":70,"KIDNAPPING":24,"OTHERS":1456,"CRIME_AGAINST_WOMEN":43,"TOTAL":2479},{"STATE_UT":"GUJARAT","YEAR":2007,"MURDER":1681,"RAPE":632,"THEFT":42548,"RIOTS":1668,"KIDNAPPING":2624,"OTHERS":87023,"CRIME_AGAINST_WOMEN":6811,"TOTAL":123195},{"STATE_UT":"HARYANA","YEAR":2007,"MURDER":1575,"RAPE":976,"THEFT":27232,"RIOTS":1173,"KIDNAPPING":1602,"OTHERS":27868,"CRIME_AGAINST_WOMEN":3507,"TOTAL":51597},{"STATE_UT":"HIMACHAL PRADESH","YEAR":2007,"MURDER":193,"RAPE":318,"THEFT":3089,"RIOTS":649,"KIDNAPPING":342,"OTHERS":10348,"CRIME_AGAINST_WOMEN":705,"TOTAL":14222},{"STATE_UT":"JAMMU & KASHMIR","YEAR":2007,"MURDER":1010,"RAPE":576,"THEFT":5761,"RIOTS":1209,"KIDNAPPING":1516,"OTHERS":12979,"CRIME_AGAINST_WOMEN":1524,"TOTAL":21443},{"STATE_UT":"JHARKHAND","YEAR":2007,"MURDER":2785,"RAPE":1710,"THEFT":17012,"RIOTS":2565,"KIDNAPPING":1524,"OTHERS":20140,"CRIME_AGAINST_WOMEN":1461,"TOTAL":38489},{"STATE_UT":"KARNATAKA","YEAR":2007,"MURDER":2844,"RAPE":872,"THEFT":35884,"RIOTS":5783,"KIDNAPPING":1360,"OTHERS":84716,"CRIME_AGAINST_WOMEN":4614,"TOTAL":120606},{"STATE_UT":"KERALA","YEAR":2007,"MURDER":861,"RAPE":1024,"THEFT":16465,"RIOTS":7358,"KIDNAPPING":510,"OTHERS":81776,"CRIME_AGAINST_WOMEN":6912,"TOTAL":108530},{"STATE_UT":"MADHYA PRADESH","YEAR":2007,"MURDER":4822,"RAPE":6020,"THEFT":58249,"RIOTS":2648,"KIDNAPPING":1844,"OTHERS":143543,"CRIME_AGAINST_WOMEN":11588,"TOTAL":202386},{"STATE_UT":"MAHARASHTRA","YEAR":2007,"MURDER":4421,"RAPE":2902,"THEFT":114860,"RIOTS":7993,"KIDNAPPING":2624,"OTHERS":101214,"CRIME_AGAINST_WOMEN":12137,"TOTAL":195707},{"STATE_UT":"MANIPUR","YEAR":2007,"MURDER":619,"RAPE":40,"THEFT":1138,"RIOTS":70,"KIDNAPPING":300,"OTHERS":1631,"CRIME_AGAINST_WOMEN":85,"TOTAL":3259},{"STATE_UT":"MEGHALAYA","YEAR":2007,"MURDER":171,"RAPE":164,"THEFT":1315,"RIOTS":33,"KIDNAPPING":104,"OTHERS":859,"CRIME_AGAINST_WOMEN":67,"TOTAL":2079},{"STATE_UT":"MIZORAM","YEAR":2007,"MURDER":68,"RAPE":166,"THEFT":2078,"RIOTS":1,"KIDNAPPING":8,"OTHERS":589,"CRIME_AGAINST_WOMEN":68,"TOTAL":2083},{"STATE_UT":"NAGALAND","YEAR":2007,"MURDER":169,"RAPE":26,"THEFT":920,"RIOTS":15,"KIDNAPPING":34,"OTHERS":397,"CRIME_AGAINST_WOMEN":9,"TOTAL":1180},{"STATE_UT":"ODISHA","YEAR":2007,"MURDER":2337,"RAPE":1878,"THEFT":18295,"RIOTS":1983,"KIDNAPPING":1602,"OTHERS":33142,"CRIME_AGAINST_WOMEN":4205,"TOTAL":54872},{"STATE_UT":"PUNJAB","YEAR":2007,"MURDER":1823,"RAPE":1038,"THEFT":13229,"RIOTS":1,"KIDNAPPING":1520,"OTHERS":23055,"CRIME_AGAINST_WOMEN":1579,"TOTAL":35793},{"STATE_UT":"RAJASTHAN","YEAR":2007,"MURDER":3139,"RAPE":2476,"THEFT":44784,"RIOTS":1626,"KIDNAPPING":4354,"OTHERS":104137,"CRIME_AGAINST_WOMEN":11114,"TOTAL":148870},{"STATE_UT":"SIKKIM","YEAR":2007,"MURDER":26,"RAPE":48,"THEFT":325,"RIOTS":15,"KIDNAPPING":18,"OTHERS":366,"CRIME_AGAINST_WOMEN":20,"TOTAL":667},{"STATE_UT":"TAMIL NADU","YEAR":2007,"MURDER":3739,"RAPE":1046,"THEFT":30767,"RIOTS":2375,"KIDNAPPING":2540,"OTHERS":142698,"CRIME_AGAINST_WOMEN":4599,"TOTAL":172754},{"STATE_UT":"TRIPURA","YEAR":2007,"MURDER":198,"RAPE":314,"THEFT":1095,"RIOTS":142,"KIDNAPPING":226,"OTHERS":2150,"CRIME_AGAINST_WOMEN":829,"TOTAL":4273},{"STATE_UT":"UTTAR PRADESH","YEAR":2007,"MURDER":11040,"RAPE":3296,"THEFT":53377,"RIOTS":4495,"KIDNAPPING":8956,"OTHERS":82906,"CRIME_AGAINST_WOMEN":15130,"TOTAL":150258},{"STATE_UT":"UTTARAKHAND","YEAR":2007,"MURDER":546,"RAPE":234,"THEFT":3959,"RIOTS":459,"KIDNAPPING":506,"OTHERS":5116,"CRIME_AGAINST_WOMEN":742,"TOTAL":9599},{"STATE_UT":"WEST BENGAL","YEAR":2007,"MURDER":2923,"RAPE":4212,"THEFT":29616,"RIOTS":3727,"KIDNAPPING":3600,"OTHERS":41941,"CRIME_AGAINST_WOMEN":12736,"TOTAL":81102},{"STATE_UT":"A & N ISLANDS","YEAR":2007,"MURDER":35,"RAPE":6,"THEFT":328,"RIOTS":17,"KIDNAPPING":24,"OTHERS":482,"CRIME_AGAINST_WOMEN":42,"TOTAL":807},{"STATE_UT":"CHANDIGARH","YEAR":2007,"MURDER":53,"RAPE":44,"THEFT":3710,"RIOTS":79,"KIDNAPPING":104,"OTHERS":1311,"CRIME_AGAINST_WOMEN":156,"TOTAL":3643},{"STATE_UT":"D & N HAVELI","YEAR":2007,"MURDER":12,"RAPE":14,"THEFT":206,"RIOTS":39,"KIDNAPPING":18,"OTHERS":236,"CRIME_AGAINST_WOMEN":3,"TOTAL":425},{"STATE_UT":"DAMAN & DIU","YEAR":2007,"MURDER":19,"RAPE":2,"THEFT":138,"RIOTS":31,"KIDNAPPING":2,"OTHERS":109,"CRIME_AGAINST_WOMEN":4,"TOTAL":260},{"STATE_UT":"LAKSHADWEEP","YEAR":2007,"MURDER":2,"RAPE":2,"THEFT":42,"RIOTS":1,"KIDNAPPING":0,"OTHERS":26,"CRIME_AGAINST_WOMEN":4,"TOTAL":56},{"STATE_UT":"PUDUCHERRY","YEAR":2007,"MURDER":78,"RAPE":18,"THEFT":1671,"RIOTS":145,"KIDNAPPING":40,"OTHERS":3778,"CRIME_AGAINST_WOMEN":140,"TOTAL":5054},{"STATE_UT":"ANDHRA PRADESH","YEAR":2008,"MURDER":4797,"RAPE":2514,"THEFT":59800,"RIOTS":1930,"KIDNAPPING":3940,"OTHERS":115740,"CRIME_AGAINST_WOMEN":19143,"TOTAL":179275},{"STATE_UT":"ARUNACHAL PRADESH","YEAR":2008,"MURDER":111,"RAPE":84,"THEFT":1228,"RIOTS":18,"KIDNAPPING":158,"OTHERS":1255,"CRIME_AGAINST_WOMEN":86,"TOTAL":2374},{"STATE_UT":"ASSAM","YEAR":2008,"MURDER":1914,"RAPE":2876,"THEFT":20125,"RIOTS":2600,"KIDNAPPING":4478,"OTHERS":28174,"CRIME_AGAINST_WOMEN":4855,"TOTAL":53333},{"STATE_UT":"BIHAR","YEAR":2008,"MURDER":6479,"RAPE":2604,"THEFT":32164,"RIOTS":8099,"KIDNAPPING":6094,"OTHERS":80540,"CRIME_AGAINST_WOMEN":4244,"TOTAL":122669},{"STATE_UT":"CHHATTISGARH","YEAR":2008,"MURDER":1923,"RAPE":1956,"THEFT":16911,"RIOTS":1144,"KIDNAPPING":546,"OTHERS":33543,"CRIME_AGAINST_WOMEN":2749,"TOTAL":51442},{"STATE_UT":"GOA","YEAR":2008,"MURDER":85,"RAPE":60,"THEFT":1530,"RIOTS":102,"KIDNAPPING":72,"OTHERS":1502,"CRIME_AGAINST_WOMEN":58,"TOTAL":2742},{"STATE_UT":"GUJARAT","YEAR":2008,"MURDER":1628,"RAPE":748,"THEFT":48075,"RIOTS":1809,"KIDNAPPING":2646,"OTHERS":84243,"CRIME_AGAINST_WOMEN":7071,"TOTAL":123808},{"STATE_UT":"HARYANA","YEAR":2008,"MURDER":1629,"RAPE":1262,"THEFT":30599,"RIOTS":1184,"KIDNAPPING":1708,"OTHERS":29379,"CRIME_AGAINST_WOMEN":3777,"TOTAL":55344},{"STATE_UT":"HIMACHAL PRADESH","YEAR":2008,"MURDER":193,"RAPE":314,"THEFT":3215,"RIOTS":627,"KIDNAPPING":302,"OTHERS":10103,"CRIME_AGAINST_WOMEN":682,"TOTAL":13976},{"STATE_UT":"JAMMU & KASHMIR","YEAR":2008,"MURDER":838,"RAPE":438,"THEFT":5813,"RIOTS":1782,"KIDNAPPING":1408,"OTHERS":12032,"CRIME_AGAINST_WOMEN":1414,"TOTAL":20604},{"STATE_UT":"JHARKHAND","YEAR":2008,"MURDER":2870,"RAPE":1582,"THEFT":17140,"RIOTS":2576,"KIDNAPPING":1584,"OTHERS":20336,"CRIME_AGAINST_WOMEN":1450,"TOTAL":38686},{"STATE_UT":"KARNATAKA","YEAR":2008,"MURDER":3254,"RAPE":892,"THEFT":44031,"RIOTS":6013,"KIDNAPPING":1516,"OTHERS":85962,"CRIME_AGAINST_WOMEN":4896,"TOTAL":127540},{"STATE_UT":"KERALA","YEAR":2008,"MURDER":891,"RAPE":1136,"THEFT":16692,"RIOTS":8057,"KIDNAPPING":506,"OTHERS":82805,"CRIME_AGAINST_WOMEN":7172,"TOTAL":110620},{"STATE_UT":"MADHYA PRADESH","YEAR":2008,"MURDER":4808,"RAPE":5874,"THEFT":62756,"RIOTS":2768,"KIDNAPPING":1858,"OTHERS":145748,"CRIME_AGAINST_WOMEN":11193,"TOTAL":206556},{"STATE_UT":"MAHARASHTRA","YEAR":2008,"MURDER":4743,"RAPE":3116,"THEFT":125840,"RIOTS":9388,"KIDNAPPING":2758,"OTHERS":103266,"CRIME_AGAINST_WOMEN":12929,"TOTAL":206243},{"STATE_UT":"MANIPUR","YEAR":2008,"MURDER":689,"RAPE":76,"THEFT":1188,"RIOTS":48,"KIDNAPPING":352,"OTHERS":1570,"CRIME_AGAINST_WOMEN":86,"TOTAL":3349},{"STATE_UT":"MEGHALAYA","YEAR":2008,"MURDER":187,"RAPE":176,"THEFT":1634,"RIOTS":8,"KIDNAPPING":112,"OTHERS":922,"CRIME_AGAINST_WOMEN":92,"TOTAL":2318},{"STATE_UT":"MIZORAM","YEAR":2008,"MURDER":51,"RAPE":154,"THEFT":1842,"RIOTS":1,"KIDNAPPING":18,"OTHERS":673,"CRIME_AGAINST_WOMEN":83,"TOTAL":1989},{"STATE_UT":"NAGALAND","YEAR":2008,"MURDER":203,"RAPE":38,"THEFT":910,"RIOTS":4,"KIDNAPPING":88,"OTHERS":347,"CRIME_AGAINST_WOMEN":20,"TOTAL":1202},{"STATE_UT":"ODISHA","YEAR":2008,"MURDER":2749,"RAPE":2226,"THEFT":19655,"RIOTS":2721,"KIDNAPPING":1816,"OTHERS":31945,"CRIME_AGAINST_WOMEN":5083,"TOTAL":56755},{"STATE_UT":"PUNJAB","YEAR":2008,"MURDER":1871,"RAPE":1034,"THEFT":14076,"RIOTS":1,"KIDNAPPING":1436,"OTHERS":22145,"CRIME_AGAINST_WOMEN":1549,"TOTAL":35314},{"STATE_UT":"RAJASTHAN","YEAR":2008,"MURDER":3000,"RAPE":2710,"THEFT":46528,"RIOTS":1390,"KIDNAPPING":4716,"OTHERS":105863,"CRIME_AGAINST_WOMEN":11091,"TOTAL":151174},{"STATE_UT":"SIKKIM","YEAR":2008,"MURDER":19,"RAPE":40,"THEFT":343,"RIOTS":17,"KIDNAPPING":8,"OTHERS":430,"CRIME_AGAINST_WOMEN":24,"TOTAL":730},{"STATE_UT":"TAMIL NADU","YEAR":2008,"MURDER":4114,"RAPE":1146,"THEFT":34715,"RIOTS":2811,"KIDNAPPING":2750,"OTHERS":143730,"CRIME_AGAINST_WOMEN":4534,"TOTAL":176833},{"STATE_UT":"TRIPURA","YEAR":2008,"MURDER":210,"RAPE":408,"THEFT":1327,"RIOTS":197,"KIDNAPPING":292,"OTHERS":2650,"CRIME_AGAINST_WOMEN":1101,"TOTAL":5336},{"STATE_UT":"UTTAR PRADESH","YEAR":2008,"MURDER":10290,"RAPE":3742,"THEFT":59796,"RIOTS":4381,"KIDNAPPING":10856,"OTHERS":96298,"CRIME_AGAINST_WOMEN":16878,"TOTAL":168996},{"STATE_UT":"UTTARAKHAND","YEAR":2008,"MURDER":480,"RAPE":174,"THEFT":3829,"RIOTS":509,"KIDNAPPING":494,"OTHERS":4487,"CRIME_AGAINST_WOMEN":839,"TOTAL":8856},{"STATE_UT":"WEST BENGAL","YEAR":2008,"MURDER":4031,"RAPE":4526,"THEFT":36982,"RIOTS":5425,"KIDNAPPING":4664,"OTHERS":55111,"CRIME_AGAINST_WOMEN":16609,"TOTAL":105419},{"STATE_UT":"A & N ISLANDS","YEAR":2008,"MURDER":21,"RAPE":24,"THEFT":348,"RIOTS":16,"KIDNAPPING":34,"OTHERS":541,"CRIME_AGAINST_WOMEN":55,"TOTAL":882},{"STATE_UT":"CHANDIGARH","YEAR":2008,"MURDER":51,"RAPE":40,"THEFT":4267,"RIOTS":85,"KIDNAPPING":100,"OTHERS":1376,"CRIME_AGAINST_WOMEN":73,"TOTAL":3931},{"STATE_UT":"D & N HAVELI","YEAR":2008,"MURDER":11,"RAPE":12,"THEFT":158,"RIOTS":24,"KIDNAPPING":34,"OTHERS":231,"CRIME_AGAINST_WOMEN":8,"TOTAL":401},{"STATE_UT":"DAMAN & DIU","YEAR":2008,"MURDER":4,"RAPE":0,"THEFT":149,"RIOTS":35,"KIDNAPPING":8,"OTHERS":97,"CRIME_AGAINST_WOMEN":8,"TOTAL":248},{"STATE_UT":"LAKSHADWEEP","YEAR":2008,"MURDER":1,"RAPE":4,"THEFT":19,"RIOTS":12,"KIDNAPPING":2,"OTHERS":67,"CRIME_AGAINST_WOMEN":1,"TOTAL":95},{"STATE_UT":"PUDUCHERRY","YEAR":2008,"MURDER":73,"RAPE":16,"THEFT":1489,"RIOTS":165,"KIDNAPPING":34,"OTHERS":3825,"CRIME_AGAINST_WOMEN":100,"TOTAL":4989},{"STATE_UT":"ANDHRA PRADESH","YEAR":2009,"MURDER":4442,"RAPE":2376,"THEFT":57829,"RIOTS":2261,"KIDNAPPING":3916,"OTHERS":116945,"CRIME_AGAINST_WOMEN":20510,"TOTAL":180441},{"STATE_UT":"ARUNACHAL PRADESH","YEAR":2009,"MURDER":97,"RAPE":118,"THEFT":1038,"RIOTS":52,"KIDNAPPING":124,"OTHERS":1358,"CRIME_AGAINST_WOMEN":77,"TOTAL":2362},{"STATE_UT":"ASSAM","YEAR":2009,"MURDER":1775,"RAPE":3262,"THEFT":19389,"RIOTS":1808,"KIDNAPPING":5436,"OTHERS":29715,"CRIME_AGAINST_WOMEN":5921,"TOTAL":55313},{"STATE_UT":"BIHAR","YEAR":2009,"MURDER":6463,"RAPE":1858,"THEFT":36345,"RIOTS":8554,"KIDNAPPING":6444,"OTHERS":78043,"CRIME_AGAINST_WOMEN":4596,"TOTAL":122931},{"STATE_UT":"CHHATTISGARH","YEAR":2009,"MURDER":1834,"RAPE":1952,"THEFT":16263,"RIOTS":957,"KIDNAPPING":572,"OTHERS":34075,"CRIME_AGAINST_WOMEN":2771,"TOTAL":51370},{"STATE_UT":"GOA","YEAR":2009,"MURDER":88,"RAPE":94,"THEFT":2044,"RIOTS":50,"KIDNAPPING":66,"OTHERS":1530,"CRIME_AGAINST_WOMEN":71,"TOTAL":3005},{"STATE_UT":"GUJARAT","YEAR":2009,"MURDER":1518,"RAPE":866,"THEFT":45503,"RIOTS":1539,"KIDNAPPING":2696,"OTHERS":78140,"CRIME_AGAINST_WOMEN":6371,"TOTAL":115183},{"STATE_UT":"HARYANA","YEAR":2009,"MURDER":1716,"RAPE":1206,"THEFT":31040,"RIOTS":1166,"KIDNAPPING":1832,"OTHERS":29751,"CRIME_AGAINST_WOMEN":3954,"TOTAL":56229},{"STATE_UT":"HIMACHAL PRADESH","YEAR":2009,"MURDER":211,"RAPE":366,"THEFT":2455,"RIOTS":591,"KIDNAPPING":300,"OTHERS":9908,"CRIME_AGAINST_WOMEN":640,"TOTAL":13315},{"STATE_UT":"JAMMU & KASHMIR","YEAR":2009,"MURDER":807,"RAPE":474,"THEFT":6898,"RIOTS":1472,"KIDNAPPING":1746,"OTHERS":12768,"CRIME_AGAINST_WOMEN":1551,"TOTAL":21975},{"STATE_UT":"JHARKHAND","YEAR":2009,"MURDER":3014,"RAPE":1438,"THEFT":18069,"RIOTS":2312,"KIDNAPPING":1654,"OTHERS":18841,"CRIME_AGAINST_WOMEN":1370,"TOTAL":37436},{"STATE_UT":"KARNATAKA","YEAR":2009,"MURDER":3388,"RAPE":1018,"THEFT":50225,"RIOTS":6269,"KIDNAPPING":1784,"OTHERS":87634,"CRIME_AGAINST_WOMEN":5701,"TOTAL":134042},{"STATE_UT":"KERALA","YEAR":2009,"MURDER":851,"RAPE":1136,"THEFT":15890,"RIOTS":8086,"KIDNAPPING":512,"OTHERS":91320,"CRIME_AGAINST_WOMEN":6962,"TOTAL":118369},{"STATE_UT":"MADHYA PRADESH","YEAR":2009,"MURDER":4715,"RAPE":5996,"THEFT":59724,"RIOTS":2409,"KIDNAPPING":2072,"OTHERS":148263,"CRIME_AGAINST_WOMEN":11877,"TOTAL":207762},{"STATE_UT":"MAHARASHTRA","YEAR":2009,"MURDER":4631,"RAPE":2966,"THEFT":122082,"RIOTS":8030,"KIDNAPPING":2572,"OTHERS":100699,"CRIME_AGAINST_WOMEN":12317,"TOTAL":199598},{"STATE_UT":"MANIPUR","YEAR":2009,"MURDER":611,"RAPE":62,"THEFT":1048,"RIOTS":48,"KIDNAPPING":318,"OTHERS":1283,"CRIME_AGAINST_WOMEN":66,"TOTAL":2852},{"STATE_UT":"MEGHALAYA","YEAR":2009,"MURDER":179,"RAPE":224,"THEFT":1369,"RIOTS":18,"KIDNAPPING":112,"OTHERS":1161,"CRIME_AGAINST_WOMEN":98,"TOTAL":2448},{"STATE_UT":"MIZORAM","YEAR":2009,"MURDER":53,"RAPE":166,"THEFT":1909,"RIOTS":1,"KIDNAPPING":18,"OTHERS":687,"CRIME_AGAINST_WOMEN":66,"TOTAL":2047},{"STATE_UT":"NAGALAND","YEAR":2009,"MURDER":88,"RAPE":44,"THEFT":876,"RIOTS":4,"KIDNAPPING":104,"OTHERS":353,"CRIME_AGAINST_WOMEN":11,"TOTAL":1059},{"STATE_UT":"ODISHA","YEAR":2009,"MURDER":2529,"RAPE":2046,"THEFT":19140,"RIOTS":1718,"KIDNAPPING":1860,"OTHERS":32197,"CRIME_AGAINST_WOMEN":5339,"TOTAL":55740},{"STATE_UT":"PUNJAB","YEAR":2009,"MURDER":1996,"RAPE":1022,"THEFT":14060,"RIOTS":8,"KIDNAPPING":1384,"OTHERS":22363,"CRIME_AGAINST_WOMEN":1539,"TOTAL":35545},{"STATE_UT":"RAJASTHAN","YEAR":2009,"MURDER":3148,"RAPE":3038,"THEFT":50578,"RIOTS":1145,"KIDNAPPING":5740,"OTHERS":116133,"CRIME_AGAINST_WOMEN":13316,"TOTAL":166565},{"STATE_UT":"SIKKIM","YEAR":2009,"MURDER":29,"RAPE":36,"THEFT":221,"RIOTS":39,"KIDNAPPING":12,"OTHERS":402,"CRIME_AGAINST_WOMEN":16,"TOTAL":669},{"STATE_UT":"TAMIL NADU","YEAR":2009,"MURDER":4127,"RAPE":1192,"THEFT":36920,"RIOTS":2397,"KIDNAPPING":2744,"OTHERS":141594,"CRIME_AGAINST_WOMEN":3397,"TOTAL":174691},{"STATE_UT":"TRIPURA","YEAR":2009,"MURDER":194,"RAPE":380,"THEFT":1145,"RIOTS":178,"KIDNAPPING":242,"OTHERS":2840,"CRIME_AGAINST_WOMEN":1233,"TOTAL":5486},{"STATE_UT":"UTTAR PRADESH","YEAR":2009,"MURDER":10114,"RAPE":3518,"THEFT":66421,"RIOTS":4263,"KIDNAPPING":12166,"OTHERS":97366,"CRIME_AGAINST_WOMEN":16104,"TOTAL":172884},{"STATE_UT":"UTTARAKHAND","YEAR":2009,"MURDER":431,"RAPE":222,"THEFT":3786,"RIOTS":466,"KIDNAPPING":550,"OTHERS":4511,"CRIME_AGAINST_WOMEN":823,"TOTAL":8802},{"STATE_UT":"WEST BENGAL","YEAR":2009,"MURDER":5118,"RAPE":4672,"THEFT":36284,"RIOTS":6700,"KIDNAPPING":5500,"OTHERS":58308,"CRIME_AGAINST_WOMEN":18673,"TOTAL":113036},{"STATE_UT":"A & N ISLANDS","YEAR":2009,"MURDER":23,"RAPE":36,"THEFT":365,"RIOTS":11,"KIDNAPPING":32,"OTHERS":583,"CRIME_AGAINST_WOMEN":59,"TOTAL":941},{"STATE_UT":"CHANDIGARH","YEAR":2009,"MURDER":48,"RAPE":58,"THEFT":3737,"RIOTS":66,"KIDNAPPING":80,"OTHERS":1285,"CRIME_AGAINST_WOMEN":81,"TOTAL":3555},{"STATE_UT":"D & N HAVELI","YEAR":2009,"MURDER":16,"RAPE":8,"THEFT":180,"RIOTS":53,"KIDNAPPING":24,"OTHERS":234,"CRIME_AGAINST_WOMEN":6,"TOTAL":442},{"STATE_UT":"DAMAN & DIU","YEAR":2009,"MURDER":10,"RAPE":2,"THEFT":119,"RIOTS":29,"KIDNAPPING":0,"OTHERS":150,"CRIME_AGAINST_WOMEN":8,"TOTAL":276},{"STATE_UT":"LAKSHADWEEP","YEAR":2009,"MURDER":1,"RAPE":2,"THEFT":24,"RIOTS":44,"KIDNAPPING":0,"OTHERS":74,"CRIME_AGAINST_WOMEN":0,"TOTAL":134},{"STATE_UT":"PUDUCHERRY","YEAR":2009,"MURDER":67,"RAPE":2,"THEFT":1514,"RIOTS":141,"KIDNAPPING":36,"OTHERS":3482,"CRIME_AGAINST_WOMEN":79,"TOTAL":4591},{"STATE_UT":"ANDHRA PRADESH","YEAR":2010,"MURDER":4646,"RAPE":2724,"THEFT":62398,"RIOTS":2231,"KIDNAPPING":4106,"OTHERS":113640,"CRIME_AGAINST_WOMEN":21864,"TOTAL":181438},{"STATE_UT":"ARUNACHAL PRADESH","YEAR":2010,"MURDER":112,"RAPE":94,"THEFT":1185,"RIOTS":31,"KIDNAPPING":134,"OTHERS":1345,"CRIME_AGAINST_WOMEN":97,"TOTAL":2439},{"STATE_UT":"ASSAM","YEAR":2010,"MURDER":1700,"RAPE":3442,"THEFT":20100,"RIOTS":2183,"KIDNAPPING":6500,"OTHERS":33569,"CRIME_AGAINST_WOMEN":7005,"TOTAL":61668},{"STATE_UT":"BIHAR","YEAR":2010,"MURDER":6621,"RAPE":1590,"THEFT":36753,"RIOTS":8809,"KIDNAPPING":7348,"OTHERS":82259,"CRIME_AGAINST_WOMEN":4086,"TOTAL":127453},{"STATE_UT":"CHHATTISGARH","YEAR":2010,"MURDER":1851,"RAPE":2024,"THEFT":16010,"RIOTS":1092,"KIDNAPPING":718,"OTHERS":37573,"CRIME_AGAINST_WOMEN":2866,"TOTAL":54958},{"STATE_UT":"GOA","YEAR":2010,"MURDER":65,"RAPE":72,"THEFT":2477,"RIOTS":64,"KIDNAPPING":50,"OTHERS":1590,"CRIME_AGAINST_WOMEN":70,"TOTAL":3293},{"STATE_UT":"GUJARAT","YEAR":2010,"MURDER":1554,"RAPE":816,"THEFT":39247,"RIOTS":1623,"KIDNAPPING":2894,"OTHERS":82557,"CRIME_AGAINST_WOMEN":6397,"TOTAL":116439},{"STATE_UT":"HARYANA","YEAR":2010,"MURDER":1904,"RAPE":1440,"THEFT":38106,"RIOTS":1414,"KIDNAPPING":1926,"OTHERS":28219,"CRIME_AGAINST_WOMEN":4060,"TOTAL":59120},{"STATE_UT":"HIMACHAL PRADESH","YEAR":2010,"MURDER":218,"RAPE":320,"THEFT":2432,"RIOTS":615,"KIDNAPPING":388,"OTHERS":9563,"CRIME_AGAINST_WOMEN":705,"TOTAL":13049},{"STATE_UT":"JAMMU & KASHMIR","YEAR":2010,"MURDER":954,"RAPE":490,"THEFT":6493,"RIOTS":2169,"KIDNAPPING":1792,"OTHERS":13456,"CRIME_AGAINST_WOMEN":1520,"TOTAL":23223},{"STATE_UT":"JHARKHAND","YEAR":2010,"MURDER":2799,"RAPE":1546,"THEFT":16600,"RIOTS":2447,"KIDNAPPING":1956,"OTHERS":21187,"CRIME_AGAINST_WOMEN":1195,"TOTAL":38889},{"STATE_UT":"KARNATAKA","YEAR":2010,"MURDER":3749,"RAPE":1172,"THEFT":48766,"RIOTS":7710,"KIDNAPPING":2748,"OTHERS":93914,"CRIME_AGAINST_WOMEN":6316,"TOTAL":142322},{"STATE_UT":"KERALA","YEAR":2010,"MURDER":810,"RAPE":1268,"THEFT":12373,"RIOTS":8724,"KIDNAPPING":522,"OTHERS":121599,"CRIME_AGAINST_WOMEN":8292,"TOTAL":148313},{"STATE_UT":"MADHYA PRADESH","YEAR":2010,"MURDER":4823,"RAPE":6270,"THEFT":55190,"RIOTS":2606,"KIDNAPPING":2374,"OTHERS":156688,"CRIME_AGAINST_WOMEN":12217,"TOTAL":214269},{"STATE_UT":"MAHARASHTRA","YEAR":2010,"MURDER":4822,"RAPE":3198,"THEFT":126531,"RIOTS":8412,"KIDNAPPING":3016,"OTHERS":105193,"CRIME_AGAINST_WOMEN":12668,"TOTAL":208168},{"STATE_UT":"MANIPUR","YEAR":2010,"MURDER":351,"RAPE":68,"THEFT":1098,"RIOTS":65,"KIDNAPPING":398,"OTHERS":1336,"CRIME_AGAINST_WOMEN":49,"TOTAL":2715},{"STATE_UT":"MEGHALAYA","YEAR":2010,"MURDER":202,"RAPE":298,"THEFT":1604,"RIOTS":7,"KIDNAPPING":142,"OTHERS":1064,"CRIME_AGAINST_WOMEN":72,"TOTAL":2505},{"STATE_UT":"MIZORAM","YEAR":2010,"MURDER":82,"RAPE":184,"THEFT":2090,"RIOTS":0,"KIDNAPPING":18,"OTHERS":646,"CRIME_AGAINST_WOMEN":78,"TOTAL":2174},{"STATE_UT":"NAGALAND","YEAR":2010,"MURDER":93,"RAPE":32,"THEFT":922,"RIOTS":2,"KIDNAPPING":100,"OTHERS":356,"CRIME_AGAINST_WOMEN":17,"TOTAL":1059},{"STATE_UT":"ODISHA","YEAR":2010,"MURDER":2775,"RAPE":2050,"THEFT":19953,"RIOTS":1779,"KIDNAPPING":2032,"OTHERS":31886,"CRIME_AGAINST_WOMEN":5597,"TOTAL":56459},{"STATE_UT":"PUNJAB","YEAR":2010,"MURDER":2021,"RAPE":1092,"THEFT":14002,"RIOTS":0,"KIDNAPPING":1578,"OTHERS":23065,"CRIME_AGAINST_WOMEN":1671,"TOTAL":36648},{"STATE_UT":"RAJASTHAN","YEAR":2010,"MURDER":3082,"RAPE":3142,"THEFT":50355,"RIOTS":986,"KIDNAPPING":5970,"OTHERS":112333,"CRIME_AGAINST_WOMEN":13969,"TOTAL":162957},{"STATE_UT":"SIKKIM","YEAR":2010,"MURDER":25,"RAPE":36,"THEFT":186,"RIOTS":4,"KIDNAPPING":12,"OTHERS":351,"CRIME_AGAINST_WOMEN":15,"TOTAL":552},{"STATE_UT":"TAMIL NADU","YEAR":2010,"MURDER":4548,"RAPE":1372,"THEFT":35795,"RIOTS":2664,"KIDNAPPING":3440,"OTHERS":151070,"CRIME_AGAINST_WOMEN":3778,"TOTAL":185678},{"STATE_UT":"TRIPURA","YEAR":2010,"MURDER":221,"RAPE":476,"THEFT":1218,"RIOTS":163,"KIDNAPPING":228,"OTHERS":2961,"CRIME_AGAINST_WOMEN":1347,"TOTAL":5805},{"STATE_UT":"UTTAR PRADESH","YEAR":2010,"MURDER":9806,"RAPE":3126,"THEFT":70183,"RIOTS":4186,"KIDNAPPING":12642,"OTHERS":100274,"CRIME_AGAINST_WOMEN":12999,"TOTAL":174179},{"STATE_UT":"UTTARAKHAND","YEAR":2010,"MURDER":455,"RAPE":242,"THEFT":4762,"RIOTS":458,"KIDNAPPING":572,"OTHERS":4597,"CRIME_AGAINST_WOMEN":699,"TOTAL":9240},{"STATE_UT":"WEST BENGAL","YEAR":2010,"MURDER":5139,"RAPE":4622,"THEFT":40939,"RIOTS":6809,"KIDNAPPING":6690,"OTHERS":69523,"CRIME_AGAINST_WOMEN":20939,"TOTAL":129616},{"STATE_UT":"A & N ISLANDS","YEAR":2010,"MURDER":20,"RAPE":48,"THEFT":330,"RIOTS":11,"KIDNAPPING":20,"OTHERS":656,"CRIME_AGAINST_WOMEN":50,"TOTAL":980},{"STATE_UT":"CHANDIGARH","YEAR":2010,"MURDER":60,"RAPE":62,"THEFT":3276,"RIOTS":65,"KIDNAPPING":76,"OTHERS":1305,"CRIME_AGAINST_WOMEN":79,"TOTAL":3373},{"STATE_UT":"D & N HAVELI","YEAR":2010,"MURDER":7,"RAPE":6,"THEFT":156,"RIOTS":44,"KIDNAPPING":36,"OTHERS":197,"CRIME_AGAINST_WOMEN":16,"TOTAL":378},{"STATE_UT":"DAMAN & DIU","YEAR":2010,"MURDER":8,"RAPE":2,"THEFT":127,"RIOTS":11,"KIDNAPPING":4,"OTHERS":96,"CRIME_AGAINST_WOMEN":5,"TOTAL":203},{"STATE_UT":"LAKSHADWEEP","YEAR":2010,"MURDER":0,"RAPE":0,"THEFT":15,"RIOTS":3,"KIDNAPPING":0,"OTHERS":29,"CRIME_AGAINST_WOMEN":0,"TOTAL":42},{"STATE_UT":"PUDUCHERRY","YEAR":2010,"MURDER":68,"RAPE":6,"THEFT":1157,"RIOTS":131,"KIDNAPPING":34,"OTHERS":3017,"CRIME_AGAINST_WOMEN":76,"TOTAL":3935},{"STATE_UT":"ANDHRA PRADESH","YEAR":2011,"MURDER":5208,"RAPE":2884,"THEFT":65567,"RIOTS":2210,"KIDNAPPING":4308,"OTHERS":118984,"CRIME_AGAINST_WOMEN":22482,"TOTAL":189780},{"STATE_UT":"ARUNACHAL PRADESH","YEAR":2011,"MURDER":96,"RAPE":84,"THEFT":1088,"RIOTS":49,"KIDNAPPING":186,"OTHERS":1263,"CRIME_AGAINST_WOMEN":69,"TOTAL":2286},{"STATE_UT":"ASSAM","YEAR":2011,"MURDER":1855,"RAPE":3400,"THEFT":21091,"RIOTS":2328,"KIDNAPPING":7528,"OTHERS":37715,"CRIME_AGAINST_WOMEN":6570,"TOTAL":66714},{"STATE_UT":"BIHAR","YEAR":2011,"MURDER":6873,"RAPE":1868,"THEFT":38255,"RIOTS":9768,"KIDNAPPING":8536,"OTHERS":87259,"CRIME_AGAINST_WOMEN":4831,"TOTAL":135896},{"STATE_UT":"CHHATTISGARH","YEAR":2011,"MURDER":1885,"RAPE":2106,"THEFT":14723,"RIOTS":934,"KIDNAPPING":944,"OTHERS":40698,"CRIME_AGAINST_WOMEN":2768,"TOTAL":57218},{"STATE_UT":"GOA","YEAR":2011,"MURDER":76,"RAPE":58,"THEFT":2576,"RIOTS":74,"KIDNAPPING":56,"OTHERS":1721,"CRIME_AGAINST_WOMEN":60,"TOTAL":3449},{"STATE_UT":"GUJARAT","YEAR":2011,"MURDER":1647,"RAPE":878,"THEFT":38208,"RIOTS":1615,"KIDNAPPING":3228,"OTHERS":89031,"CRIME_AGAINST_WOMEN":6860,"TOTAL":123371},{"STATE_UT":"HARYANA","YEAR":2011,"MURDER":1973,"RAPE":1466,"THEFT":40842,"RIOTS":1466,"KIDNAPPING":1918,"OTHERS":28234,"CRIME_AGAINST_WOMEN":3959,"TOTAL":60741},{"STATE_UT":"HIMACHAL PRADESH","YEAR":2011,"MURDER":186,"RAPE":336,"THEFT":3090,"RIOTS":530,"KIDNAPPING":424,"OTHERS":10532,"CRIME_AGAINST_WOMEN":636,"TOTAL":14312},{"STATE_UT":"JAMMU & KASHMIR","YEAR":2011,"MURDER":692,"RAPE":554,"THEFT":6928,"RIOTS":1405,"KIDNAPPING":2154,"OTHERS":14939,"CRIME_AGAINST_WOMEN":1841,"TOTAL":24504},{"STATE_UT":"JHARKHAND","YEAR":2011,"MURDER":2548,"RAPE":1568,"THEFT":14954,"RIOTS":2133,"KIDNAPPING":1882,"OTHERS":19585,"CRIME_AGAINST_WOMEN":1271,"TOTAL":35838},{"STATE_UT":"KARNATAKA","YEAR":2011,"MURDER":3742,"RAPE":1272,"THEFT":48540,"RIOTS":7265,"KIDNAPPING":2790,"OTHERS":89176,"CRIME_AGAINST_WOMEN":6680,"TOTAL":137600},{"STATE_UT":"KERALA","YEAR":2011,"MURDER":991,"RAPE":2264,"THEFT":13466,"RIOTS":10754,"KIDNAPPING":598,"OTHERS":140478,"CRIME_AGAINST_WOMEN":9721,"TOTAL":172137},{"STATE_UT":"MADHYA PRADESH","YEAR":2011,"MURDER":4990,"RAPE":6812,"THEFT":57245,"RIOTS":2080,"KIDNAPPING":2576,"OTHERS":158484,"CRIME_AGAINST_WOMEN":12015,"TOTAL":217094},{"STATE_UT":"MAHARASHTRA","YEAR":2011,"MURDER":5067,"RAPE":3402,"THEFT":128524,"RIOTS":8556,"KIDNAPPING":3338,"OTHERS":100494,"CRIME_AGAINST_WOMEN":12340,"TOTAL":204902},{"STATE_UT":"MANIPUR","YEAR":2011,"MURDER":327,"RAPE":106,"THEFT":1652,"RIOTS":70,"KIDNAPPING":338,"OTHERS":1588,"CRIME_AGAINST_WOMEN":78,"TOTAL":3218},{"STATE_UT":"MEGHALAYA","YEAR":2011,"MURDER":224,"RAPE":260,"THEFT":1649,"RIOTS":8,"KIDNAPPING":174,"OTHERS":1253,"CRIME_AGAINST_WOMEN":100,"TOTAL":2755},{"STATE_UT":"MIZORAM","YEAR":2011,"MURDER":58,"RAPE":154,"THEFT":1811,"RIOTS":0,"KIDNAPPING":12,"OTHERS":521,"CRIME_AGAINST_WOMEN":82,"TOTAL":1821},{"STATE_UT":"NAGALAND","YEAR":2011,"MURDER":100,"RAPE":46,"THEFT":859,"RIOTS":1,"KIDNAPPING":68,"OTHERS":416,"CRIME_AGAINST_WOMEN":10,"TOTAL":1083},{"STATE_UT":"ODISHA","YEAR":2011,"MURDER":3149,"RAPE":2224,"THEFT":22563,"RIOTS":1556,"KIDNAPPING":2278,"OTHERS":34255,"CRIME_AGAINST_WOMEN":6227,"TOTAL":61277},{"STATE_UT":"PUNJAB","YEAR":2011,"MURDER":1951,"RAPE":958,"THEFT":12463,"RIOTS":0,"KIDNAPPING":1362,"OTHERS":22501,"CRIME_AGAINST_WOMEN":1592,"TOTAL":34883},{"STATE_UT":"RAJASTHAN","YEAR":2011,"MURDER":3127,"RAPE":3600,"THEFT":47535,"RIOTS":751,"KIDNAPPING":6408,"OTHERS":115116,"CRIME_AGAINST_WOMEN":15188,"TOTAL":165622},{"STATE_UT":"SIKKIM","YEAR":2011,"MURDER":29,"RAPE":32,"THEFT":209,"RIOTS":25,"KIDNAPPING":20,"OTHERS":351,"CRIME_AGAINST_WOMEN":28,"TOTAL":596},{"STATE_UT":"TAMIL NADU","YEAR":2011,"MURDER":4867,"RAPE":1354,"THEFT":34874,"RIOTS":3009,"KIDNAPPING":3968,"OTHERS":157497,"CRIME_AGAINST_WOMEN":3895,"TOTAL":192879},{"STATE_UT":"TRIPURA","YEAR":2011,"MURDER":238,"RAPE":410,"THEFT":1276,"RIOTS":175,"KIDNAPPING":308,"OTHERS":3214,"CRIME_AGAINST_WOMEN":1035,"TOTAL":5803},{"STATE_UT":"UTTAR PRADESH","YEAR":2011,"MURDER":11058,"RAPE":4084,"THEFT":82697,"RIOTS":5022,"KIDNAPPING":17000,"OTHERS":109598,"CRIME_AGAINST_WOMEN":12901,"TOTAL":195135},{"STATE_UT":"UTTARAKHAND","YEAR":2011,"MURDER":421,"RAPE":258,"THEFT":4721,"RIOTS":401,"KIDNAPPING":628,"OTHERS":4303,"CRIME_AGAINST_WOMEN":578,"TOTAL":8774},{"STATE_UT":"WEST BENGAL","YEAR":2011,"MURDER":4837,"RAPE":4726,"THEFT":45282,"RIOTS":6019,"KIDNAPPING":8570,"OTHERS":79012,"CRIME_AGAINST_WOMEN":22845,"TOTAL":143197},{"STATE_UT":"A & N ISLANDS","YEAR":2011,"MURDER":22,"RAPE":26,"THEFT":277,"RIOTS":11,"KIDNAPPING":30,"OTHERS":520,"CRIME_AGAINST_WOMEN":23,"TOTAL":793},{"STATE_UT":"CHANDIGARH","YEAR":2011,"MURDER":70,"RAPE":54,"THEFT":3365,"RIOTS":66,"KIDNAPPING":116,"OTHERS":1377,"CRIME_AGAINST_WOMEN":81,"TOTAL":3542},{"STATE_UT":"D & N HAVELI","YEAR":2011,"MURDER":16,"RAPE":8,"THEFT":169,"RIOTS":20,"KIDNAPPING":18,"OTHERS":218,"CRIME_AGAINST_WOMEN":5,"TOTAL":372},{"STATE_UT":"DAMAN & DIU","YEAR":2011,"MURDER":7,"RAPE":2,"THEFT":135,"RIOTS":19,"KIDNAPPING":6,"OTHERS":104,"CRIME_AGAINST_WOMEN":2,"TOTAL":224},{"STATE_UT":"LAKSHADWEEP","YEAR":2011,"MURDER":1,"RAPE":0,"THEFT":8,"RIOTS":5,"KIDNAPPING":0,"OTHERS":34,"CRIME_AGAINST_WOMEN":0,"TOTAL":44},{"STATE_UT":"PUDUCHERRY","YEAR":2011,"MURDER":66,"RAPE":14,"THEFT":1505,"RIOTS":125,"KIDNAPPING":24,"OTHERS":3292,"CRIME_AGAINST_WOMEN":62,"TOTAL":4362},{"STATE_UT":"ANDHRA PRADESH","YEAR":2012,"MURDER":5058,"RAPE":2682,"THEFT":64192,"RIOTS":1878,"KIDNAPPING":3740,"OTHERS":123235,"CRIME_AGAINST_WOMEN":22423,"TOTAL":192522},{"STATE_UT":"ARUNACHAL PRADESH","YEAR":2012,"MURDER":103,"RAPE":92,"THEFT":1104,"RIOTS":28,"KIDNAPPING":164,"OTHERS":1363,"CRIME_AGAINST_WOMEN":96,"TOTAL":2420},{"STATE_UT":"ASSAM","YEAR":2012,"MURDER":2092,"RAPE":3432,"THEFT":23793,"RIOTS":5077,"KIDNAPPING":7624,"OTHERS":42192,"CRIME_AGAINST_WOMEN":8394,"TOTAL":77682},{"STATE_UT":"BIHAR","YEAR":2012,"MURDER":9303,"RAPE":1854,"THEFT":40952,"RIOTS":10871,"KIDNAPPING":9614,"OTHERS":92301,"CRIME_AGAINST_WOMEN":5120,"TOTAL":146614},{"STATE_UT":"CHHATTISGARH","YEAR":2012,"MURDER":1617,"RAPE":2068,"THEFT":14496,"RIOTS":910,"KIDNAPPING":900,"OTHERS":38608,"CRIME_AGAINST_WOMEN":2824,"TOTAL":54598},{"STATE_UT":"GOA","YEAR":2012,"MURDER":83,"RAPE":110,"THEFT":2217,"RIOTS":122,"KIDNAPPING":48,"OTHERS":1933,"CRIME_AGAINST_WOMEN":89,"TOTAL":3608},{"STATE_UT":"GUJARAT","YEAR":2012,"MURDER":1726,"RAPE":946,"THEFT":38271,"RIOTS":1758,"KIDNAPPING":3440,"OTHERS":94608,"CRIME_AGAINST_WOMEN":7517,"TOTAL":130121},{"STATE_UT":"HARYANA","YEAR":2012,"MURDER":1969,"RAPE":1336,"THEFT":41400,"RIOTS":1424,"KIDNAPPING":2698,"OTHERS":28906,"CRIME_AGAINST_WOMEN":4354,"TOTAL":62480},{"STATE_UT":"HIMACHAL PRADESH","YEAR":2012,"MURDER":175,"RAPE":366,"THEFT":2477,"RIOTS":494,"KIDNAPPING":344,"OTHERS":9254,"CRIME_AGAINST_WOMEN":571,"TOTAL":12557},{"STATE_UT":"JAMMU & KASHMIR","YEAR":2012,"MURDER":651,"RAPE":606,"THEFT":5526,"RIOTS":1400,"KIDNAPPING":2186,"OTHERS":15679,"CRIME_AGAINST_WOMEN":1978,"TOTAL":24608},{"STATE_UT":"JHARKHAND","YEAR":2012,"MURDER":2628,"RAPE":1624,"THEFT":15387,"RIOTS":2331,"KIDNAPPING":2112,"OTHERS":23552,"CRIME_AGAINST_WOMEN":1860,"TOTAL":40946},{"STATE_UT":"KARNATAKA","YEAR":2012,"MURDER":3854,"RAPE":1242,"THEFT":45582,"RIOTS":7502,"KIDNAPPING":2902,"OTHERS":86417,"CRIME_AGAINST_WOMEN":7012,"TOTAL":134021},{"STATE_UT":"KERALA","YEAR":2012,"MURDER":978,"RAPE":2038,"THEFT":11952,"RIOTS":10938,"KIDNAPPING":562,"OTHERS":128418,"CRIME_AGAINST_WOMEN":9481,"TOTAL":158989},{"STATE_UT":"MADHYA PRADESH","YEAR":2012,"MURDER":4819,"RAPE":6850,"THEFT":58557,"RIOTS":1951,"KIDNAPPING":2604,"OTHERS":161297,"CRIME_AGAINST_WOMEN":12166,"TOTAL":220335},{"STATE_UT":"MAHARASHTRA","YEAR":2012,"MURDER":5051,"RAPE":3678,"THEFT":118664,"RIOTS":8860,"KIDNAPPING":3166,"OTHERS":101206,"CRIME_AGAINST_WOMEN":12973,"TOTAL":202700},{"STATE_UT":"MANIPUR","YEAR":2012,"MURDER":496,"RAPE":126,"THEFT":2041,"RIOTS":72,"KIDNAPPING":446,"OTHERS":1652,"CRIME_AGAINST_WOMEN":93,"TOTAL":3737},{"STATE_UT":"MEGHALAYA","YEAR":2012,"MURDER":208,"RAPE":328,"THEFT":1330,"RIOTS":0,"KIDNAPPING":184,"OTHERS":1246,"CRIME_AGAINST_WOMEN":60,"TOTAL":2557},{"STATE_UT":"MIZORAM","YEAR":2012,"MURDER":58,"RAPE":206,"THEFT":1563,"RIOTS":1,"KIDNAPPING":16,"OTHERS":545,"CRIME_AGAINST_WOMEN":93,"TOTAL":1766},{"STATE_UT":"NAGALAND","YEAR":2012,"MURDER":123,"RAPE":42,"THEFT":882,"RIOTS":3,"KIDNAPPING":54,"OTHERS":399,"CRIME_AGAINST_WOMEN":16,"TOTAL":1090},{"STATE_UT":"ODISHA","YEAR":2012,"MURDER":3481,"RAPE":2916,"THEFT":24804,"RIOTS":2205,"KIDNAPPING":3084,"OTHERS":36443,"CRIME_AGAINST_WOMEN":7654,"TOTAL":67957},{"STATE_UT":"PUNJAB","YEAR":2012,"MURDER":2004,"RAPE":1360,"THEFT":13817,"RIOTS":1,"KIDNAPPING":1838,"OTHERS":21859,"CRIME_AGAINST_WOMEN":1782,"TOTAL":35790},{"STATE_UT":"RAJASTHAN","YEAR":2012,"MURDER":3097,"RAPE":4098,"THEFT":52150,"RIOTS":573,"KIDNAPPING":6486,"OTHERS":116990,"CRIME_AGAINST_WOMEN":16160,"TOTAL":170948},{"STATE_UT":"SIKKIM","YEAR":2012,"MURDER":14,"RAPE":68,"THEFT":305,"RIOTS":22,"KIDNAPPING":20,"OTHERS":236,"CRIME_AGAINST_WOMEN":24,"TOTAL":528},{"STATE_UT":"TAMIL NADU","YEAR":2012,"MURDER":4947,"RAPE":1474,"THEFT":30463,"RIOTS":3136,"KIDNAPPING":3890,"OTHERS":167291,"CRIME_AGAINST_WOMEN":3951,"TOTAL":200474},{"STATE_UT":"TRIPURA","YEAR":2012,"MURDER":205,"RAPE":458,"THEFT":1436,"RIOTS":128,"KIDNAPPING":278,"OTHERS":3476,"CRIME_AGAINST_WOMEN":1216,"TOTAL":6264},{"STATE_UT":"UTTAR PRADESH","YEAR":2012,"MURDER":11187,"RAPE":3926,"THEFT":84488,"RIOTS":5676,"KIDNAPPING":17756,"OTHERS":110117,"CRIME_AGAINST_WOMEN":13160,"TOTAL":198093},{"STATE_UT":"UTTARAKHAND","YEAR":2012,"MURDER":422,"RAPE":296,"THEFT":4393,"RIOTS":369,"KIDNAPPING":594,"OTHERS":4515,"CRIME_AGAINST_WOMEN":651,"TOTAL":8882},{"STATE_UT":"WEST BENGAL","YEAR":2012,"MURDER":5628,"RAPE":4092,"THEFT":48416,"RIOTS":6611,"KIDNAPPING":10234,"OTHERS":92229,"CRIME_AGAINST_WOMEN":24371,"TOTAL":161427},{"STATE_UT":"A & N ISLANDS","YEAR":2012,"MURDER":18,"RAPE":24,"THEFT":220,"RIOTS":8,"KIDNAPPING":16,"OTHERS":460,"CRIME_AGAINST_WOMEN":28,"TOTAL":683},{"STATE_UT":"CHANDIGARH","YEAR":2012,"MURDER":70,"RAPE":54,"THEFT":3408,"RIOTS":49,"KIDNAPPING":174,"OTHERS":1366,"CRIME_AGAINST_WOMEN":148,"TOTAL":3606},{"STATE_UT":"D & N HAVELI","YEAR":2012,"MURDER":9,"RAPE":6,"THEFT":162,"RIOTS":11,"KIDNAPPING":26,"OTHERS":186,"CRIME_AGAINST_WOMEN":2,"TOTAL":318},{"STATE_UT":"DAMAN & DIU","YEAR":2012,"MURDER":8,"RAPE":10,"THEFT":140,"RIOTS":9,"KIDNAPPING":6,"OTHERS":126,"CRIME_AGAINST_WOMEN":3,"TOTAL":239},{"STATE_UT":"LAKSHADWEEP","YEAR":2012,"MURDER":0,"RAPE":0,"THEFT":17,"RIOTS":10,"KIDNAPPING":0,"OTHERS":38,"CRIME_AGAINST_WOMEN":2,"TOTAL":60},{"STATE_UT":"PUDUCHERRY","YEAR":2012,"MURDER":68,"RAPE":26,"THEFT":1429,"RIOTS":126,"KIDNAPPING":38,"OTHERS":3267,"CRIME_AGAINST_WOMEN":17,"TOTAL":4281}]